Unnamed: 0,date,ADC,ADM,APH,APO,APP,ARES,AZO,BKNG,BRK-B,BTAL,BTE,BX,CASY,COST,CTA,CVX,CWST,CYA,DBMF,DECK,DOW,EGP,EXEL,FANG,FICO,FMF,FR,GILD,IVOL,KKR,KLAC,KMLM,LLY,LMT,MCK,MELI,META,MPC,MPWR,MSFT,NNN,O,ORLY,PFIX,PGR,PLD,PSA,REXR,RSBT,RSG,SCHD,SCHG,STAG,SVXY,TMUS,TRI,TRNO,TSLA,UNH,VOO,VRT,VRTX,WM,WMT,WPC,XLG,XME,XOM,GIC,sim_id
0,2008-01-21,0.0,0.0,0.0,0.0,0.0,0.0,0.0,0.0,0.0,0.0,0.0,0.0,0.0,0.0,0.0,0.0,0.0,0.0,0.0,20396.8254,0.0,0.0,0.0,0.0,0.0,0.0,0.0,0.0,0.0,0.0,0.0,0.0,0.0,0.0,0.0,0.0,0.0,0.0,0.0,0.0,0.0,0.0,0.0,0.0,0.0,0.0,0.0,0.0,0.0,0.0,0.0,0.0,0.0,0.0,0.0,0.0,0.0,0.0,0.0,0.0,0.0,0.0,0.0,0.0,0.0,0.0,0.0,0.0,387589.1746,3ac1d9275922
1,2008-02-18,0.0,0.0,0.0,0.0,0.0,0.0,0.0,0.0,0.0,0.0,0.0,0.0,0.0,0.0,0.0,0.0,0.0,0.0,0.0,20327.7256,0.0,0.0,0.0,0.0,0.0,0.0,0.0,0.0,0.0,0.0,0.0,0.0,0.0,0.0,0.0,0.0,0.0,0.0,0.0,0.0,0.0,0.0,0.0,0.0,0.0,0.0,0.0,0.0,0.0,0.0,0.0,0.0,0.0,0.0,0.0,0.0,0.0,0.0,0.0,0.0,0.0,0.0,0.0,0.0,0.0,0.0,0.0,0.0,386253.4594000001,3ac1d9275922
2,2008-03-17,0.0,0.0,0.0,0.0,0.0,0.0,0.0,0.0,0.0,0.0,0.0,0.0,0.0,0.0,0.0,0.0,0.0,0.0,0.0,0.0,0.0,0.0,0.0,0.0,0.0,0.0,0.0,0.0,0.0,0.0,0.0,0.0,0.0,0.0,0.0,0.0,0.0,0.0,0.0,0.0,0.0,0.0,0.0,0.0,0.0,0.0,0.0,0.0,0.0,0.0,0.0,0.0,0.0,0.0,0.0,0.0,0.0,0.0,0.0,0.0,0.0,0.0,0.0,0.0,0.0,0.0,0.0,0.0,403515.9788,3ac1d9275922
3,2008-04-14,0.0,0.0,0.0,0.0,0.0,0.0,0.0,0.0,0.0,0.0,0.0,0.0,0.0,0.0,0.0,0.0,0.0,0.0,0.0,0.0,0.0,0.0,0.0,0.0,0.0,0.0,0.0,0.0,0.0,0.0,0.0,0.0,0.0,0.0,0.0,0.0,0.0,0.0,0.0,0.0,0.0,0.0,0.0,0.0,0.0,0.0,0.0,0.0,0.0,0.0,0.0,0.0,0.0,0.0,0.0,0.0,0.0,0.0,0.0,0.0,0.0,0.0,0.0,0.0,0.0,0.0,0.0,0.0,403508.9788,3ac1d9275922
4,2008-05-12,0.0,0.0,0.0,0.0,0.0,0.0,0.0,20174.25,0.0,0.0,20160.4893,0.0,0.0,0.0,0.0,0.0,0.0,0.0,0.0,0.0,0.0,0.0,0.0,0.0,0.0,0.0,0.0,0.0,0.0,0.0,0.0,0.0,0.0,0.0,0.0,0.0,0.0,0.0,0.0,0.0,0.0,0.0,0.0,0.0,0.0,0.0,0.0,0.0,0.0,0.0,0.0,0.0,0.0,0.0,0.0,0.0,0.0,0.0,0.0,0.0,0.0,0.0,0.0,0.0,0.0,0.0,0.0,0.0,363153.2395,3ac1d9275922
5,2008-06-09,0.0,0.0,0.0,0.0,0.0,0.0,0.0,0.0,0.0,0.0,0.0,0.0,0.0,0.0,0.0,0.0,0.0,0.0,0.0,20232.6228,0.0,0.0,0.0,0.0,0.0,0.0,0.0,0.0,0.0,0.0,0.0,0.0,0.0,0.0,0.0,0.0,0.0,0.0,0.0,0.0,0.0,0.0,0.0,0.0,0.0,0.0,0.0,0.0,0.0,0.0,0.0,0.0,0.0,0.0,0.0,0.0,0.0,0.0,0.0,0.0,0.0,0.0,0.0,0.0,0.0,0.0,0.0,0.0,384733.1605,3ac1d9275922
6,2008-07-07,0.0,0.0,0.0,0.0,0.0,0.0,0.0,0.0,0.0,0.0,0.0,0.0,0.0,0.0,0.0,0.0,0.0,0.0,0.0,0.0,0.0,0.0,0.0,0.0,0.0,0.0,0.0,0.0,0.0,0.0,0.0,0.0,0.0,0.0,0.0,0.0,0.0,0.0,0.0,0.0,0.0,0.0,0.0,0.0,0.0,0.0,0.0,0.0,0.0,0.0,0.0,0.0,0.0,0.0,0.0,0.0,0.0,0.0,0.0,0.0,0.0,33.07,0.0,0.0,0.0,0.0,0.0,0.0,405091.4469,3ac1d9275922
7,2008-08-04,0.0,0.0,0.0,0.0,0.0,0.0,0.0,0.0,0.0,0.0,0.0,0.0,0.0,0.0,0.0,0.0,0.0,0.0,0.0,0.0,0.0,0.0,0.0,0.0,0.0,0.0,0.0,0.0,0.0,0.0,0.0,0.0,0.0,0.0,0.0,0.0,0.0,0.0,0.0,0.0,0.0,0.0,0.0,0.0,0.0,0.0,0.0,0.0,0.0,0.0,0.0,0.0,0.0,0.0,0.0,0.0,0.0,0.0,0.0,0.0,0.0,0.0,0.0,0.0,0.0,0.0,0.0,0.0,405107.3969,3ac1d9275922
8,2008-09-01,0.0,0.0,20255.1232,0.0,0.0,0.0,0.0,0.0,0.0,0.0,0.0,0.0,0.0,0.0,0.0,0.0,0.0,0.0,0.0,20249.4166,0.0,0.0,0.0,0.0,0.0,0.0,0.0,0.0,0.0,0.0,0.0,0.0,0.0,0.0,0.0,0.0,0.0,0.0,0.0,0.0,0.0,0.0,0.0,0.0,0.0,0.0,0.0,0.0,0.0,0.0,0.0,0.0,0.0,0.0,0.0,0.0,0.0,0.0,0.0,0.0,0.0,0.0,0.0,0.0,0.0,0.0,0.0,0.0,364581.8571,3ac1d9275922
9,2008-09-29,0.0,0.0,0.0,0.0,0.0,0.0,0.0,0.0,0.0,0.0,0.0,0.0,0.0,0.0,0.0,0.0,0.0,0.0,0.0,0.0,0.0,0.0,0.0,0.0,0.0,0.0,0.0,0.0,0.0,0.0,0.0,0.0,0.0,0.0,0.0,0.0,0.0,0.0,0.0,0.0,0.0,0.0,0.0,0.0,0.0,0.0,0.0,0.0,0.0,0.0,0.0,0.0,0.0,0.0,0.0,0.0,0.0,0.0,0.0,0.0,0.0,0.0,0.0,19968.627,0.0,0.0,0.0,0.0,379446.2069000001,3ac1d9275922
10,2008-10-27,0.0,0.0,0.0,0.0,0.0,0.0,0.0,0.0,0.0,0.0,0.0,0.0,19811.5008,0.0,0.0,0.0,0.0,0.0,0.0,0.0,0.0,0.0,0.0,0.0,0.0,0.0,0.0,19815.4968,0.0,0.0,0.0,0.0,0.0,0.0,0.0,0.0,0.0,0.0,0.0,0.0,0.0,0.0,0.0,0.0,0.0,0.0,0.0,0.0,0.0,0.0,0.0,0.0,0.0,0.0,0.0,0.0,0.0,0.0,0.0,0.0,0.0,0.0,0.0,0.0,0.0,0.0,0.0,0.0,356760.30130000005,3ac1d9275922
11,2008-11-24,0.0,0.0,0.0,0.0,0.0,0.0,0.0,0.0,0.0,0.0,0.0,0.0,17513.2846,0.0,0.0,0.0,0.0,0.0,0.0,0.0,0.0,0.0,0.0,0.0,0.0,0.0,0.0,17534.286,0.0,0.0,0.0,0.0,0.0,0.0,0.0,0.0,0.0,0.0,0.0,0.0,0.0,0.0,0.0,0.0,0.0,0.0,0.0,0.0,0.0,0.0,0.0,0.0,0.0,0.0,0.0,0.0,0.0,0.0,0.0,0.0,0.0,0.0,0.0,17549.927099999997,0.0,0.0,0.0,0.0,345712.9577,3ac1d9275922
12,2008-12-22,0.0,0.0,0.0,0.0,0.0,0.0,19937.65,0.0,0.0,0.0,0.0,0.0,0.0,0.0,0.0,0.0,0.0,0.0,0.0,0.0,0.0,0.0,0.0,0.0,0.0,0.0,0.0,19945.6964,0.0,0.0,0.0,0.0,0.0,0.0,0.0,0.0,0.0,0.0,0.0,0.0,0.0,0.0,0.0,0.0,0.0,0.0,0.0,0.0,0.0,0.0,0.0,0.0,0.0,0.0,0.0,0.0,0.0,0.0,0.0,0.0,0.0,0.0,0.0,19942.8362,0.0,0.0,0.0,0.0,339205.58770000003,3ac1d9275922
13,2009-01-19,0.0,0.0,0.0,0.0,0.0,0.0,0.0,0.0,0.0,0.0,0.0,0.0,0.0,0.0,0.0,0.0,0.0,0.0,0.0,0.0,0.0,0.0,0.0,0.0,0.0,0.0,0.0,17610.4896,0.0,0.0,0.0,0.0,0.0,0.0,0.0,0.0,0.0,0.0,0.0,0.0,0.0,0.0,0.0,0.0,0.0,0.0,0.0,0.0,0.0,0.0,0.0,0.0,0.0,0.0,0.0,0.0,0.0,0.0,0.0,0.0,0.0,17558.25,0.0,0.0,0.0,0.0,0.0,0.0,362066.0871,3ac1d9275922
14,2009-02-16,0.0,0.0,0.0,0.0,0.0,0.0,19958.2,0.0,0.0,0.0,0.0,0.0,0.0,0.0,0.0,0.0,0.0,0.0,0.0,0.0,0.0,0.0,0.0,0.0,0.0,0.0,0.0,19960.665,0.0,0.0,0.0,0.0,0.0,0.0,0.0,0.0,0.0,0.0,0.0,0.0,0.0,0.0,0.0,0.0,0.0,0.0,0.0,0.0,0.0,0.0,0.0,0.0,0.0,0.0,0.0,0.0,0.0,0.0,0.0,0.0,0.0,19940.71,0.0,0.0,0.0,0.0,0.0,0.0,339516.1997,3ac1d9275922
15,2009-03-16,0.0,0.0,0.0,0.0,0.0,0.0,0.0,0.0,0.0,0.0,0.0,0.0,0.0,0.0,0.0,0.0,0.0,0.0,0.0,0.0,0.0,0.0,0.0,0.0,0.0,0.0,0.0,0.0,0.0,0.0,0.0,0.0,0.0,0.0,0.0,0.0,0.0,0.0,0.0,0.0,0.0,0.0,0.0,0.0,0.0,0.0,0.0,0.0,0.0,0.0,0.0,0.0,0.0,0.0,0.0,0.0,0.0,0.0,0.0,0.0,0.0,0.0,0.0,0.0,0.0,0.0,0.0,0.0,396631.1097,3ac1d9275922
16,2009-04-13,0.0,0.0,0.0,0.0,0.0,0.0,0.0,0.0,0.0,0.0,0.0,0.0,0.0,0.0,0.0,0.0,0.0,0.0,0.0,0.0,0.0,0.0,0.0,0.0,0.0,0.0,0.0,0.0,0.0,0.0,0.0,0.0,0.0,0.0,0.0,0.0,0.0,0.0,0.0,0.0,0.0,0.0,0.0,0.0,0.0,0.0,0.0,0.0,0.0,0.0,0.0,0.0,0.0,0.0,0.0,0.0,0.0,0.0,0.0,0.0,0.0,0.0,0.0,0.0,0.0,0.0,0.0,0.0,396624.1097,3ac1d9275922
17,2009-05-11,0.0,0.0,0.0,0.0,0.0,0.0,0.0,0.0,0.0,0.0,0.0,0.0,0.0,0.0,0.0,0.0,0.0,0.0,0.0,0.0,0.0,0.0,0.0,0.0,0.0,0.0,0.0,0.0,0.0,0.0,0.0,0.0,0.0,0.0,0.0,0.0,0.0,0.0,17572.1156,0.0,0.0,0.0,0.0,0.0,0.0,0.0,0.0,0.0,0.0,0.0,0.0,0.0,0.0,0.0,0.0,0.0,0.0,0.0,0.0,0.0,0.0,0.0,0.0,0.0,0.0,0.0,0.0,0.0,379037.9941,3ac1d9275922
18,2009-06-08,0.0,0.0,0.0,19988.3118,0.0,0.0,0.0,0.0,0.0,0.0,0.0,0.0,0.0,0.0,0.0,0.0,0.0,0.0,0.0,0.0,0.0,0.0,0.0,0.0,0.0,0.0,0.0,0.0,0.0,0.0,0.0,0.0,0.0,0.0,0.0,0.0,0.0,19990.7448,0.0,0.0,0.0,0.0,0.0,0.0,0.0,0.0,0.0,0.0,0.0,0.0,0.0,0.0,0.0,0.0,0.0,0.0,0.0,0.0,0.0,0.0,0.0,0.0,0.0,0.0,0.0,0.0,0.0,0.0,359891.9439,3ac1d9275922
19,2009-07-06,0.0,0.0,0.0,0.0,0.0,0.0,0.0,0.0,0.0,0.0,0.0,0.0,0.0,0.0,0.0,0.0,0.0,0.0,0.0,0.0,0.0,0.0,0.0,0.0,0.0,0.0,0.0,0.0,0.0,0.0,0.0,0.0,0.0,0.0,0.0,0.0,0.0,0.0,0.0,0.0,0.0,0.0,0.0,0.0,0.0,0.0,0.0,0.0,0.0,0.0,0.0,0.0,0.0,0.0,0.0,0.0,0.0,0.0,0.0,0.0,0.0,0.0,0.0,0.0,0.0,0.0,0.0,0.0,399850.0005,3ac1d9275922
20,2009-08-03,0.0,0.0,0.0,19988.3118,0.0,0.0,0.0,19990.9377,0.0,0.0,0.0,0.0,0.0,0.0,0.0,0.0,0.0,0.0,0.0,0.0,36.231,0.0,0.0,0.0,0.0,0.0,0.0,0.0,0.0,0.0,0.0,0.0,0.0,0.0,0.0,0.0,0.0,19990.7448,0.0,0.0,0.0,0.0,0.0,0.0,0.0,0.0,0.0,0.0,0.0,0.0,0.0,0.0,0.0,0.0,0.0,0.0,0.0,0.0,0.0,0.0,0.0,0.0,0.0,0.0,19991.3724,0.0,0.0,0.0,319810.40280000004,3ac1d9275922
21,2009-08-31,0.0,0.0,0.0,0.0,0.0,0.0,0.0,20188.2618,0.0,0.0,20176.8274,0.0,0.0,0.0,0.0,0.0,0.0,0.0,0.0,0.0,0.0,0.0,0.0,0.0,0.0,0.0,0.0,0.0,0.0,0.0,0.0,0.0,0.0,0.0,50.0722,0.0,0.0,0.0,0.0,0.0,0.0,0.0,0.0,0.0,0.0,0.0,0.0,0.0,0.0,0.0,0.0,0.0,0.0,0.0,0.0,0.0,0.0,0.0,0.0,0.0,0.0,0.0,0.0,0.0,0.0,0.0,0.0,0.0,363303.49280000007,3ac1d9275922
22,2009-09-28,0.0,0.0,0.0,20276.2671,0.0,0.0,0.0,20276.9822,0.0,0.0,20268.3705,0.0,0.0,0.0,0.0,0.0,0.0,0.0,0.0,0.0,0.0,0.0,0.0,0.0,0.0,0.0,0.0,0.0,0.0,0.0,0.0,0.0,0.0,0.0,0.0,0.0,0.0,0.0,0.0,0.0,0.0,0.0,0.0,0.0,0.0,0.0,0.0,0.0,0.0,0.0,0.0,0.0,0.0,0.0,0.0,0.0,0.0,0.0,0.0,0.0,0.0,0.0,0.0,0.0,0.0,0.0,0.0,0.0,344702.2308000001,3ac1d9275922
23,2009-10-26,0.0,0.0,0.0,0.0,0.0,0.0,0.0,20509.7466,0.0,0.0,20500.084,0.0,0.0,0.0,0.0,0.0,0.0,0.0,0.0,0.0,0.0,0.0,0.0,0.0,0.0,0.0,0.0,0.0,0.0,20507.1085,0.0,0.0,0.0,0.0,0.0,0.0,0.0,0.0,0.0,0.0,0.0,0.0,0.0,0.0,0.0,0.0,0.0,0.0,0.0,0.0,0.0,0.0,0.0,0.0,0.0,0.0,0.0,0.0,0.0,0.0,0.0,0.0,0.0,0.0,0.0,0.0,0.0,0.0,348688.45450000005,3ac1d9275922
24,2009-11-23,0.0,0.0,0.0,0.0,0.0,0.0,0.0,20667.3768,0.0,0.0,0.0,0.0,0.0,0.0,0.0,0.0,0.0,0.0,0.0,0.0,0.0,0.0,0.0,0.0,0.0,0.0,0.0,0.0,0.0,20667.111200000003,0.0,0.0,0.0,0.0,0.0,0.0,0.0,0.0,0.0,0.0,0.0,0.0,0.0,0.0,0.0,0.0,0.0,0.0,0.0,0.0,0.0,0.0,0.0,0.0,0.0,0.0,0.0,0.0,0.0,0.0,0.0,0.0,0.0,0.0,0.0,0.0,0.0,0.0,372139.9936000001,3ac1d9275922
25,2009-12-21,20643.0548,0.0,0.0,20648.502,0.0,0.0,0.0,20651.5516,0.0,0.0,20649.3968,20648.804,0.0,0.0,0.0,0.0,0.0,0.0,0.0,0.0,0.0,0.0,0.0,0.0,0.0,0.0,0.0,0.0,0.0,20650.8078,0.0,0.0,0.0,20638.8393,0.0,0.0,0.0,20641.864,0.0,0.0,20643.8366,20651.4126,0.0,0.0,20648.868,0.0,0.0,0.0,0.0,0.0,0.0,0.0,0.0,0.0,0.0,0.0,0.0,0.0,0.0,0.0,0.0,0.0,0.0,20643.5971,20645.5365,0.0,0.0,0.0,144537.75850000005,3ac1d9275922
26,2010-01-18,20901.6303,0.0,0.0,20908.3641,0.0,20902.86,0.0,20904.135,0.0,0.0,20907.5612,20906.1898,0.0,0.0,0.0,20883.871,0.0,0.0,0.0,20904.44,0.0,0.0,0.0,0.0,0.0,0.0,0.0,0.0,0.0,20903.9292,0.0,0.0,0.0,0.0,0.0,0.0,0.0,20905.0824,0.0,0.0,0.0,20906.3668,0.0,0.0,20905.2292,0.0,0.0,0.0,0.0,0.0,0.0,0.0,0.0,0.0,0.0,0.0,0.0,0.0,0.0,0.0,0.0,0.0,0.0,0.0,20901.425,0.0,0.0,0.0,146328.2004000001,3ac1d9275922
27,2010-02-15,20417.322,0.0,0.0,20416.7331,0.0,0.0,0.0,20413.3176,0.0,0.0,20407.4,20418.4938,0.0,0.0,0.0,20393.0825,0.0,0.0,0.0,20414.1654,0.0,0.0,0.0,0.0,0.0,0.0,0.0,0.0,0.0,20414.8368,0.0,0.0,0.0,0.0,0.0,0.0,0.0,20406.3528,0.0,20409.9012,0.0,20415.0405,0.0,0.0,0.0,0.0,0.0,0.0,0.0,0.0,0.0,0.0,0.0,0.0,0.0,0.0,0.0,0.0,0.0,0.0,0.0,20418.16,0.0,0.0,0.0,0.0,0.0,0.0,163322.75840000008,3ac1d9275922
28,2010-03-15,21726.0864,0.0,0.0,21723.0669,0.0,0.0,0.0,21722.2272,0.0,0.0,21725.5854,21724.8954,0.0,0.0,0.0,0.0,21728.52,0.0,0.0,21727.139300000003,0.0,0.0,0.0,0.0,0.0,0.0,0.0,0.0,0.0,21723.0682,0.0,0.0,0.0,0.0,0.0,0.0,0.0,21722.4448,0.0,0.0,0.0,21727.93,0.0,0.0,21727.8288,0.0,0.0,0.0,0.0,0.0,0.0,0.0,0.0,0.0,0.0,0.0,0.0,0.0,21709.2114,0.0,0.0,0.0,0.0,21717.9842,0.0,0.0,0.0,0.0,152053.6028,3ac1d9275922
29,2010-04-12,22221.5526,0.0,0.0,22221.7212,0.0,0.0,0.0,22214.5842,0.0,0.0,22211.0172,22220.6734,0.0,22180.5925,0.0,22208.3252,0.0,0.0,0.0,22220.7524,0.0,0.0,0.0,0.0,0.0,0.0,0.0,0.0,0.0,22219.296,0.0,0.0,22216.1085,0.0,0.0,0.0,0.0,22221.1744,0.0,0.0,0.0,22211.8176,0.0,0.0,22217.3675,0.0,0.0,0.0,0.0,0.0,0.0,0.0,0.0,0.0,0.0,0.0,0.0,0.0,0.0,0.0,0.0,0.0,0.0,0.0,22219.5745,0.0,0.0,0.0,133310.05419999996,3ac1d9275922
30,2010-05-10,21980.9232,0.0,0.0,21982.929,0.0,0.0,0.0,21977.0388,0.0,0.0,21983.3685,0.0,21983.3719,0.0,0.0,0.0,0.0,0.0,0.0,21980.6934,0.0,0.0,0.0,0.0,0.0,0.0,0.0,0.0,0.0,21983.6092,0.0,0.0,0.0,0.0,21984.6176,0.0,0.0,21971.8096,0.0,0.0,21980.5732,21984.529,0.0,0.0,21983.9568,0.0,21955.0773,0.0,0.0,0.0,0.0,0.0,0.0,0.0,0.0,0.0,0.0,0.0,0.0,0.0,0.0,0.0,0.0,0.0,21975.415,0.0,0.0,0.0,131855.22219999984,3ac1d9275922
31,2010-06-07,20896.722,0.0,0.0,20901.3408,0.0,0.0,20842.08,20903.2716,0.0,0.0,20892.7335,0.0,20883.2175,0.0,0.0,0.0,0.0,0.0,0.0,20901.7164,0.0,0.0,0.0,0.0,0.0,0.0,0.0,0.0,0.0,20901.6666,0.0,0.0,0.0,0.0,20847.3624,20862.9626,0.0,0.0,0.0,0.0,20898.789,20894.4992,0.0,0.0,20897.5864,0.0,20902.3632,0.0,0.0,0.0,0.0,0.0,0.0,0.0,0.0,20891.68,0.0,0.0,0.0,0.0,0.0,0.0,0.0,0.0,20897.8008,0.0,0.0,0.0,83753.73309999984,3ac1d9275922
32,2010-07-05,20974.8114,0.0,0.0,19960.2186,0.0,0.0,0.0,20974.956,0.0,0.0,20973.9318,0.0,20946.5388,0.0,0.0,0.0,0.0,0.0,0.0,20970.7036,0.0,0.0,0.0,0.0,20971.591200000003,0.0,0.0,0.0,0.0,0.0,0.0,0.0,0.0,0.0,20954.5952,20963.2685,0.0,0.0,0.0,0.0,20967.1625,20965.0358,0.0,0.0,0.0,0.0,0.0,0.0,0.0,0.0,0.0,0.0,0.0,0.0,0.0,20956.589,0.0,0.0,20964.944,0.0,0.0,0.0,0.0,0.0,20974.6416,0.0,0.0,0.0,126847.69839999982,3ac1d9275922
33,2010-08-02,22295.6665,0.0,22298.2872,0.0,0.0,0.0,0.0,22294.2148,0.0,0.0,12266.8637,0.0,22282.19,0.0,0.0,0.0,0.0,0.0,0.0,22295.28,0.0,0.0,0.0,0.0,0.0,0.0,0.0,0.0,0.0,0.0,0.0,0.0,0.0,0.0,0.0,22276.8033,0.0,0.0,0.0,0.0,22295.568,22292.6208,0.0,0.0,22290.24,0.0,22269.8728,0.0,0.0,0.0,0.0,0.0,0.0,0.0,0.0,22288.5102,0.0,0.0,0.0,0.0,0.0,0.0,0.0,0.0,22297.5445,0.0,0.0,0.0,166101.0788999998,3ac1d9275922
34,2010-08-30,18735.8386,22180.0548,0.0,0.0,0.0,0.0,0.0,22192.0397,0.0,0.0,22191.5122,0.0,22188.524,0.0,0.0,0.0,0.0,0.0,0.0,22187.9988,0.0,0.0,0.0,0.0,0.0,0.0,0.0,0.0,0.0,0.0,0.0,0.0,0.0,0.0,0.0,22144.7137,0.0,0.0,0.0,0.0,22187.7906,22186.1892,0.0,0.0,22182.362500000003,0.0,22183.0824,0.0,0.0,0.0,0.0,0.0,0.0,0.0,0.0,0.0,0.0,0.0,0.0,0.0,0.0,0.0,0.0,0.0,22192.6968,0.0,0.0,0.0,181017.9406999998,3ac1d9275922
35,2010-09-27,4925.0025000000005,23333.8716,23333.8588,0.0,0.0,0.0,0.0,23325.0572,0.0,0.0,0.0,0.0,23330.097,0.0,0.0,0.0,0.0,0.0,0.0,23333.52,0.0,0.0,0.0,0.0,0.0,0.0,0.0,0.0,0.0,23331.0088,0.0,0.0,0.0,0.0,0.0,23322.3834,0.0,0.0,0.0,0.0,23327.3898,23323.104,0.0,0.0,23333.7735,0.0,0.0,0.0,0.0,0.0,0.0,0.0,0.0,0.0,0.0,0.0,0.0,0.0,23330.0275,0.0,0.0,0.0,0.0,0.0,23335.2905,0.0,0.0,0.0,181731.0070999998,3ac1d9275922
36,2010-10-25,23923.8432,0.0,23919.2128,0.0,0.0,0.0,0.0,23922.0072,0.0,0.0,23916.5741,23919.687,0.0,0.0,0.0,0.0,0.0,0.0,0.0,23922.9055,0.0,0.0,0.0,0.0,0.0,0.0,0.0,0.0,0.0,23917.5344,0.0,0.0,0.0,0.0,0.0,23871.277100000003,0.0,0.0,0.0,0.0,23918.8066,23909.8668,0.0,0.0,23915.472,0.0,0.0,0.0,0.0,0.0,0.0,0.0,0.0,0.0,0.0,0.0,0.0,0.0,0.0,0.0,0.0,0.0,0.0,0.0,23915.5943,23921.4274,0.0,0.0,167470.57699999982,3ac1d9275922
37,2010-11-22,24569.384,0.0,24573.903,0.0,0.0,0.0,0.0,24564.4992,0.0,0.0,24554.5548,24573.2236,0.0,0.0,0.0,0.0,0.0,0.0,0.0,24570.57,0.0,0.0,24572.76,0.0,0.0,0.0,0.0,0.0,0.0,24574.6711,0.0,0.0,0.0,0.0,0.0,24514.971,0.0,0.0,0.0,0.0,24564.5735,0.0,0.0,0.0,0.0,24561.9561,0.0,0.0,0.0,0.0,0.0,0.0,0.0,0.0,0.0,0.0,0.0,0.0,0.0,0.0,0.0,0.0,0.0,0.0,24565.088,0.0,0.0,0.0,196621.40759999971,3ac1d9275922
38,2010-12-20,25859.7144,0.0,25863.1813,0.0,0.0,0.0,0.0,25863.3375,0.0,0.0,25856.683500000003,25858.3872,0.0,0.0,0.0,0.0,25858.75,0.0,0.0,25851.54,0.0,0.0,25859.99,0.0,0.0,0.0,0.0,0.0,0.0,25863.936,25858.451500000003,0.0,0.0,0.0,0.0,25829.5856,0.0,0.0,0.0,0.0,0.0,0.0,0.0,0.0,0.0,0.0,0.0,0.0,0.0,0.0,0.0,0.0,0.0,0.0,0.0,0.0,0.0,0.0,0.0,0.0,0.0,0.0,25857.276,0.0,0.0,0.0,0.0,0.0,206887.57229999977,3ac1d9275922
39,2011-01-17,26415.624000000003,0.0,26419.6467,26414.6313,0.0,0.0,0.0,26416.5888,0.0,0.0,26414.9984,26415.9085,0.0,0.0,0.0,0.0,26413.24,0.0,0.0,26412.4763,0.0,0.0,26419.34,0.0,0.0,0.0,0.0,0.0,0.0,26415.3485,26403.8649,0.0,0.0,0.0,0.0,0.0,0.0,0.0,0.0,0.0,26412.3615,0.0,0.0,0.0,0.0,0.0,0.0,0.0,0.0,0.0,0.0,0.0,0.0,0.0,0.0,0.0,0.0,0.0,0.0,0.0,0.0,0.0,0.0,0.0,26414.943,0.0,0.0,0.0,184897.07969999977,3ac1d9275922
40,2011-02-14,27666.5103,0.0,27674.464600000003,27671.802,0.0,0.0,0.0,27671.4984,0.0,0.0,27643.8942,27674.205,0.0,0.0,0.0,0.0,27676.800000000003,0.0,0.0,27670.464,0.0,0.0,27676.87,0.0,0.0,0.0,27670.4827,0.0,0.0,27675.2478,0.0,0.0,0.0,0.0,0.0,0.0,0.0,0.0,0.0,0.0,0.0,27663.5569,0.0,0.0,0.0,0.0,0.0,0.0,0.0,0.0,0.0,0.0,0.0,0.0,0.0,0.0,0.0,0.0,0.0,0.0,0.0,0.0,0.0,0.0,27674.8708,0.0,0.0,0.0,193717.21849999976,3ac1d9275922
41,2011-03-14,27834.430000000004,0.0,27837.4855,0.0,0.0,0.0,0.0,27834.3747,0.0,0.0,27822.631,27838.4785,0.0,0.0,0.0,0.0,27834.95,0.0,0.0,27826.6302,0.0,0.0,27832.0,0.0,0.0,0.0,27839.154,0.0,0.0,27829.188,0.0,0.0,0.0,0.0,0.0,0.0,0.0,0.0,0.0,0.0,0.0,0.0,0.0,0.0,0.0,27822.2168,0.0,0.0,0.0,0.0,0.0,0.0,0.0,0.0,0.0,0.0,0.0,0.0,0.0,0.0,0.0,0.0,0.0,0.0,0.0,0.0,0.0,0.0,250532.3482999999,3ac1d9275922
42,2011-04-11,0.0,0.0,28336.9842,0.0,0.0,0.0,0.0,28331.9168,0.0,0.0,28325.0062,28333.7908,0.0,0.0,0.0,0.0,28336.56,0.0,0.0,28328.4107,0.0,0.0,28332.2,0.0,0.0,0.0,28337.1546,0.0,0.0,28332.537600000003,0.0,0.0,0.0,0.0,0.0,0.0,0.0,0.0,0.0,0.0,28332.09,0.0,0.0,0.0,0.0,28336.5162,0.0,0.0,0.0,0.0,0.0,0.0,0.0,0.0,0.0,0.0,0.0,0.0,0.0,0.0,0.0,0.0,0.0,0.0,0.0,28337.01,0.0,0.0,226742.3247999999,3ac1d9275922
43,2011-05-09,0.0,0.0,28513.9688,0.0,0.0,0.0,0.0,28509.8856,0.0,0.0,28500.295,28510.8012,0.0,0.0,0.0,0.0,28511.96,0.0,0.0,28508.0305,0.0,0.0,28508.74,0.0,0.0,0.0,28509.5994,0.0,0.0,28513.3156,0.0,0.0,0.0,0.0,0.0,0.0,0.0,0.0,0.0,0.0,28515.5208,0.0,0.0,0.0,28512.6107,28505.2932,0.0,0.0,0.0,0.0,0.0,0.0,0.0,0.0,0.0,0.0,0.0,0.0,0.0,0.0,0.0,0.0,0.0,0.0,28514.3754,0.0,0.0,0.0,199602.79189999995,3ac1d9275922
44,2011-06-06,0.0,0.0,27201.9681,0.0,0.0,0.0,0.0,27190.1043,0.0,0.0,27203.213000000003,27204.62,0.0,0.0,0.0,0.0,27202.0,0.0,0.0,27202.03,0.0,0.0,27199.7,0.0,0.0,0.0,27206.704,0.0,0.0,27202.0113,0.0,0.0,0.0,0.0,0.0,27176.5747,0.0,0.0,0.0,0.0,0.0,0.0,0.0,0.0,0.0,0.0,0.0,0.0,0.0,27194.6324,0.0,0.0,0.0,0.0,0.0,0.0,0.0,0.0,0.0,0.0,0.0,0.0,0.0,0.0,27206.01,27204.49,0.0,0.0,190427.2776,3ac1d9275922
45,2011-07-04,0.0,0.0,28002.6846,0.0,0.0,0.0,0.0,28004.913,0.0,0.0,27971.302,28002.957500000004,0.0,0.0,0.0,0.0,28001.84,0.0,0.0,27999.33,0.0,0.0,28005.18,0.0,0.0,0.0,28006.764300000003,0.0,0.0,28005.551600000003,0.0,0.0,0.0,0.0,0.0,0.0,0.0,0.0,0.0,0.0,0.0,0.0,0.0,0.0,0.0,27998.077800000003,0.0,0.0,0.0,0.0,0.0,0.0,0.0,0.0,0.0,0.0,0.0,0.0,0.0,0.0,0.0,0.0,0.0,0.0,28005.2934,28001.3498,0.0,27981.6288,196048.392,3ac1d9275922
46,2011-08-01,0.0,0.0,27444.0483,0.0,0.0,0.0,0.0,27443.3527,0.0,0.0,27411.7053,27440.2542,0.0,0.0,0.0,0.0,27443.52,0.0,0.0,27437.7411,0.0,0.0,27441.42,0.0,0.0,0.0,27440.0979,0.0,0.0,27443.5452,0.0,0.0,0.0,0.0,0.0,0.0,0.0,0.0,0.0,0.0,27443.8243,0.0,0.0,0.0,0.0,27424.7926,0.0,0.0,0.0,0.0,0.0,0.0,0.0,0.0,0.0,0.0,0.0,0.0,0.0,0.0,0.0,0.0,0.0,0.0,27435.069,0.0,0.0,0.0,219548.7748,3ac1d9275922
47,2011-08-29,0.0,0.0,25788.308,0.0,0.0,0.0,0.0,25777.332,0.0,0.0,25764.351,0.0,0.0,0.0,0.0,0.0,25790.85,0.0,0.0,25783.275,0.0,0.0,25786.33,0.0,0.0,0.0,25789.197,0.0,0.0,25789.6122,0.0,0.0,0.0,0.0,0.0,0.0,0.0,0.0,0.0,0.0,0.0,25781.5464,0.0,0.0,0.0,0.0,0.0,0.0,0.0,0.0,0.0,0.0,0.0,0.0,0.0,0.0,0.0,0.0,0.0,0.0,0.0,0.0,0.0,25783.527,25786.7052,25787.7576,0.0,0.0,206323.8087,3ac1d9275922
48,2011-09-26,0.0,0.0,0.0,0.0,0.0,0.0,0.0,25027.1229,0.0,0.0,25035.7992,0.0,25016.8608,25028.3869,0.0,0.0,25044.24,0.0,0.0,25038.340000000004,0.0,0.0,0.0,0.0,0.0,0.0,25043.6725,0.0,0.0,0.0,25032.6736,0.0,25025.4936,0.0,0.0,0.0,0.0,0.0,0.0,0.0,25041.3784,25038.1502,0.0,0.0,0.0,0.0,0.0,0.0,0.0,0.0,0.0,0.0,0.0,0.0,0.0,0.0,0.0,0.0,25024.204800000003,0.0,0.0,0.0,0.0,0.0,25037.7156,0.0,0.0,0.0,175373.72139999998,3ac1d9275922
49,2011-10-24,0.0,0.0,0.0,0.0,0.0,0.0,0.0,26187.9545,0.0,0.0,26201.8533,0.0,0.0,0.0,0.0,26145.9612,26202.27,0.0,0.0,26188.1158,0.0,0.0,26203.68,0.0,0.0,0.0,26200.5633,0.0,0.0,26203.086,0.0,0.0,0.0,0.0,0.0,0.0,0.0,0.0,0.0,0.0,26199.1795,26191.8368,0.0,0.0,0.0,0.0,0.0,0.0,0.0,0.0,0.0,0.0,0.0,0.0,0.0,0.0,0.0,0.0,0.0,0.0,0.0,0.0,0.0,0.0,26197.578,26201.062800000003,0.0,0.0,209642.44970000008,3ac1d9275922
50,2011-11-21,0.0,0.0,0.0,0.0,0.0,0.0,24725.08,24757.392,0.0,0.0,24729.957,0.0,0.0,0.0,0.0,0.0,24762.88,0.0,0.0,24760.245,0.0,0.0,0.0,0.0,24738.126000000004,0.0,24762.3747,0.0,0.0,24758.098,24747.4389,0.0,0.0,0.0,0.0,0.0,0.0,0.0,0.0,0.0,24753.7302,24759.225,24759.852,0.0,0.0,0.0,0.0,0.0,0.0,0.0,0.0,0.0,0.0,0.0,0.0,0.0,0.0,0.0,0.0,0.0,0.0,0.0,0.0,0.0,24748.3872,0.0,0.0,0.0,173389.03060000011,3ac1d9275922
51,2011-12-19,0.0,0.0,0.0,0.0,0.0,0.0,0.0,25020.072,0.0,0.0,25017.777,0.0,0.0,0.0,0.0,0.0,25029.76,0.0,0.0,25029.144,0.0,0.0,0.0,0.0,25023.0695,0.0,25027.22,0.0,0.0,25027.0646,0.0,0.0,0.0,0.0,0.0,0.0,0.0,0.0,0.0,0.0,25024.4799,25019.809,25028.383800000003,0.0,0.0,0.0,0.0,0.0,0.0,0.0,0.0,0.0,0.0,0.0,0.0,0.0,0.0,0.0,24996.625,0.0,0.0,0.0,0.0,0.0,25028.935,0.0,0.0,0.0,200294.8712000001,3ac1d9275922
52,2012-01-16,25985.016,0.0,0.0,0.0,0.0,0.0,0.0,25971.264300000003,0.0,0.0,0.0,0.0,0.0,25950.3198,0.0,0.0,25973.34,0.0,0.0,25969.6052,0.0,0.0,0.0,0.0,25939.733900000003,0.0,25997.32,0.0,0.0,25973.8134,0.0,0.0,0.0,0.0,0.0,0.0,0.0,0.0,0.0,0.0,25963.1428,25983.0612,25992.320000000003,0.0,0.0,0.0,0.0,0.0,0.0,0.0,0.0,0.0,0.0,0.0,0.0,0.0,0.0,0.0,0.0,0.0,0.0,0.0,0.0,0.0,25967.992,0.0,0.0,0.0,208177.7566000001,3ac1d9275922
53,2012-02-13,26738.1304,0.0,26747.4556,0.0,0.0,0.0,0.0,26732.984,0.0,0.0,0.0,26748.4283,0.0,0.0,0.0,0.0,26744.4,0.0,0.0,26748.4656,0.0,0.0,0.0,0.0,0.0,0.0,26742.2403,26738.112,0.0,26744.8356,0.0,0.0,0.0,0.0,26687.5785,0.0,0.0,0.0,0.0,0.0,26744.0588,0.0,26744.734,0.0,26748.420400000003,0.0,0.0,0.0,0.0,0.0,0.0,0.0,0.0,0.0,0.0,0.0,0.0,0.0,0.0,0.0,0.0,0.0,0.0,0.0,26737.536,26746.5112,0.0,0.0,133765.6588000002,3ac1d9275922
54,2012-03-12,0.0,0.0,26469.4036,0.0,0.0,0.0,0.0,26455.1175,0.0,0.0,26446.4347,0.0,0.0,0.0,0.0,0.0,0.0,0.0,0.0,11.495,0.0,0.0,0.0,0.0,0.0,0.0,26470.6718,0.0,0.0,0.0,26471.7308,0.0,0.0,0.0,0.0,26414.0448,0.0,0.0,26466.7808,26459.6607,0.0,26463.5622,26471.636,0.0,26463.879,26465.5968,0.0,0.0,0.0,0.0,0.0,0.0,26469.564,26460.525,0.0,0.0,0.0,0.0,26458.522,0.0,0.0,0.0,0.0,0.0,26456.8218,7729.2864,0.0,0.0,98182.42980000022,3ac1d9275922
55,2012-04-09,0.0,0.0,27174.5827,0.0,0.0,0.0,0.0,27176.245,0.0,0.0,0.0,0.0,27173.838,0.0,0.0,0.0,27172.8,0.0,0.0,0.0,0.0,0.0,0.0,0.0,0.0,0.0,27172.618800000004,0.0,0.0,0.0,27159.88,0.0,0.0,0.0,0.0,0.0,0.0,0.0,0.0,0.0,27163.5082,27162.8316,27170.962,0.0,27171.3312,0.0,0.0,0.0,0.0,0.0,27175.5884,0.0,27175.788,27166.9125,0.0,0.0,0.0,0.0,0.0,0.0,0.0,0.0,0.0,0.0,27171.3519,17948.515,0.0,0.0,145043.3078000003,3ac1d9275922
56,2012-05-07,0.0,0.0,27330.952,0.0,0.0,0.0,0.0,27313.9007,0.0,0.0,0.0,0.0,0.0,0.0,0.0,0.0,0.0,0.0,0.0,0.0,0.0,0.0,0.0,0.0,27310.2726,0.0,27326.5366,27319.377,0.0,0.0,0.0,0.0,0.0,0.0,0.0,0.0,0.0,0.0,27321.08,0.0,0.0,27330.846,27328.2918,0.0,0.0,0.0,0.0,0.0,0.0,0.0,27333.306,0.0,27333.225,27333.215,0.0,0.0,0.0,0.0,0.0,0.0,0.0,0.0,0.0,27331.965,27334.686,27327.2454,0.0,0.0,163987.8962000003,3ac1d9275922
57,2012-06-04,0.0,0.0,25999.0137,0.0,0.0,0.0,0.0,26000.7882,0.0,0.0,0.0,0.0,0.0,0.0,0.0,0.0,0.0,0.0,0.0,0.0,0.0,25978.3526,0.0,0.0,0.0,0.0,25999.4028,25989.6362,0.0,0.0,25995.1276,0.0,0.0,0.0,0.0,0.0,0.0,0.0,0.0,0.0,0.0,23504.1133,25997.1752,0.0,25999.6632,0.0,0.0,0.0,0.0,0.0,0.0,0.0,25997.696,26000.9925,0.0,0.0,0.0,0.0,0.0,0.0,0.0,0.0,0.0,25984.665,25998.234,25999.147,0.0,0.0,158457.74180000037,3ac1d9275922
58,2012-07-02,0.0,0.0,27696.8748,0.0,0.0,0.0,0.0,27697.46,0.0,0.0,0.0,0.0,0.0,0.0,0.0,0.0,27700.480000000003,0.0,0.0,0.0,0.0,0.0,27698.02,0.0,27669.5342,0.0,27697.0527,27695.7361,0.0,27693.945,0.0,0.0,16751.660900000003,0.0,0.0,0.0,0.0,0.0,0.0,0.0,27689.6158,27698.755500000003,27697.5388,0.0,0.0,0.0,0.0,0.0,0.0,0.0,0.0,0.0,27695.7065,27697.9,0.0,0.0,0.0,0.0,0.0,0.0,0.0,0.0,0.0,27695.3388,0.0,27694.7885,0.0,0.0,121718.35100000026,3ac1d9275922
59,2012-07-30,0.0,0.0,28250.9256,0.0,0.0,0.0,0.0,28248.1486,0.0,0.0,0.0,0.0,0.0,0.0,0.0,0.0,0.0,0.0,0.0,0.0,0.0,0.0,28251.0,0.0,0.0,0.0,28253.3405,28255.7035,0.0,28251.657,0.0,0.0,0.0,0.0,0.0,0.0,0.0,0.0,0.0,28248.4535,28244.106,0.0,28253.2475,0.0,0.0,0.0,0.0,0.0,0.0,0.0,28250.7225,0.0,28253.0898,28248.4175,0.0,0.0,0.0,0.0,0.0,0.0,0.0,0.0,0.0,28248.3323,0.0,28252.3285,0.0,0.0,169481.16900000023,3ac1d9275922
60,2012-08-27,0.0,0.0,28080.785,0.0,0.0,0.0,0.0,28071.846,0.0,0.0,28064.52,28084.116,0.0,0.0,0.0,0.0,0.0,0.0,0.0,0.0,0.0,0.0,0.0,0.0,0.0,0.0,28082.1084,28070.718200000003,0.0,28079.342600000004,0.0,0.0,0.0,0.0,0.0,0.0,0.0,0.0,28072.1647,0.0,0.0,0.0,28080.2598,0.0,0.0,0.0,0.0,0.0,0.0,0.0,28084.095,0.0,28085.553,28085.557500000003,0.0,0.0,0.0,0.0,0.0,0.0,0.0,0.0,0.0,28072.9848,28072.5788,28080.0676,0.0,0.0,140423.44810000033,3ac1d9275922
61,2012-09-24,0.0,0.0,29343.679,29344.8618,0.0,0.0,0.0,0.0,0.0,0.0,0.0,29348.2756,0.0,0.0,0.0,0.0,0.0,0.0,0.0,0.0,0.0,0.0,29348.800000000003,0.0,0.0,0.0,29344.0656,29345.47,0.0,29344.2435,0.0,0.0,0.0,0.0,0.0,0.0,0.0,29338.686,0.0,0.0,29345.1072,0.0,29343.6,0.0,0.0,0.0,0.0,0.0,0.0,0.0,29346.075,0.0,29343.741,29334.5325,0.0,0.0,0.0,0.0,0.0,0.0,0.0,0.0,0.0,0.0,29337.9664,29346.0896,0.0,0.0,146687.09110000037,3ac1d9275922
62,2012-10-22,29346.6228,0.0,29346.7412,29349.8254,0.0,0.0,0.0,0.0,0.0,0.0,0.0,29350.9674,0.0,0.0,0.0,0.0,0.0,0.0,0.0,0.0,0.0,0.0,0.0,0.0,0.0,0.0,29348.0452,29348.608,0.0,29348.0145,0.0,0.0,0.0,0.0,0.0,0.0,0.0,29334.9652,0.0,0.0,29350.202,0.0,29349.1107,0.0,0.0,0.0,0.0,0.0,0.0,0.0,29346.8155,0.0,29345.6273,29323.14,0.0,0.0,0.0,0.0,0.0,0.0,0.0,0.0,0.0,29350.5737,29342.4768,0.0,0.0,0.0,146719.65630000026,3ac1d9275922
63,2012-11-19,0.0,0.0,29208.6972,29209.3506,0.0,0.0,0.0,0.0,0.0,0.0,0.0,29208.1504,0.0,0.0,0.0,0.0,0.0,0.0,0.0,0.0,0.0,0.0,0.0,0.0,0.0,0.0,29208.244,29203.607,0.0,29209.2856,0.0,0.0,0.0,0.0,0.0,0.0,0.0,29207.6338,29212.2584,0.0,0.0,0.0,29212.773,0.0,0.0,0.0,0.0,0.0,0.0,0.0,29210.5545,0.0,29207.364600000004,29191.41,0.0,0.0,0.0,0.0,0.0,0.0,0.0,0.0,0.0,0.0,29204.37,29209.9706,0.0,0.0,175246.10620000027,3ac1d9275922
64,2012-12-17,0.0,0.0,30235.7344,30233.448,0.0,0.0,0.0,30229.4304,0.0,0.0,0.0,30231.2832,0.0,0.0,0.0,0.0,0.0,0.0,0.0,0.0,0.0,0.0,0.0,0.0,0.0,0.0,30232.1992,30235.284000000003,0.0,30232.0452,0.0,0.0,0.0,0.0,0.0,0.0,0.0,30231.0272,30222.115,0.0,3091.034,0.0,30233.2364,0.0,0.0,0.0,0.0,0.0,0.0,0.0,30234.675300000003,0.0,30235.900800000003,30210.0,0.0,0.0,0.0,0.0,0.0,0.0,0.0,0.0,0.0,0.0,0.0,30234.5925,0.0,0.0,178308.22670000023,3ac1d9275922
65,2013-01-14,31579.1172,0.0,31585.477,31585.296,0.0,0.0,0.0,0.0,0.0,0.0,0.0,31583.4492,0.0,0.0,0.0,0.0,0.0,0.0,0.0,0.0,0.0,0.0,0.0,0.0,0.0,0.0,31588.356,31563.9075,0.0,31584.0627,0.0,0.0,0.0,0.0,0.0,0.0,0.0,31583.8971,31578.6042,0.0,31579.0958,0.0,31589.0934,0.0,0.0,0.0,0.0,0.0,0.0,0.0,31587.38,0.0,31579.62,31588.2,0.0,0.0,0.0,0.0,0.0,0.0,0.0,0.0,0.0,0.0,31579.971500000003,0.0,0.0,0.0,157924.35020000028,3ac1d9275922
66,2013-02-11,33803.2275,0.0,33802.035800000005,33801.69,0.0,0.0,0.0,0.0,0.0,0.0,0.0,33800.7016,0.0,0.0,0.0,0.0,0.0,0.0,0.0,0.0,0.0,0.0,0.0,33792.347,0.0,0.0,33799.4361,33798.404500000004,0.0,33799.1808,0.0,0.0,0.0,0.0,0.0,0.0,0.0,33792.1179,33786.7335,0.0,33803.463,0.0,33798.9917,0.0,0.0,0.0,0.0,0.0,0.0,0.0,33797.897,0.0,33793.3292,33761.450000000004,0.0,0.0,0.0,0.0,0.0,0.0,0.0,0.0,0.0,0.0,0.0,0.0,0.0,0.0,169022.34030000033,3ac1d9275922
67,2013-03-11,35433.4367,0.0,35441.8821,35434.2968,0.0,0.0,0.0,0.0,0.0,0.0,0.0,35439.6998,0.0,0.0,0.0,0.0,0.0,0.0,0.0,0.0,0.0,0.0,0.0,0.0,0.0,0.0,35434.9794,5553.905,0.0,35435.405999999995,0.0,0.0,35425.984800000006,0.0,0.0,0.0,0.0,35426.8761,35428.25,0.0,0.0,0.0,35441.4798,0.0,35438.515199999994,0.0,0.0,0.0,0.0,0.0,35441.64,0.0,35435.9915,35420.69,0.0,0.0,0.0,0.0,0.0,0.0,0.0,0.0,0.0,35427.906599999995,35441.3394,0.0,0.0,0.0,136239.79200000037,3ac1d9275922
68,2013-04-08,0.0,0.0,36037.0088,36037.0318,0.0,0.0,0.0,0.0,0.0,0.0,0.0,36028.3985,0.0,0.0,0.0,0.0,0.0,0.0,0.0,0.0,0.0,0.0,0.0,36023.8956,0.0,0.0,36030.0566,36030.8455,0.0,36027.019499999995,0.0,0.0,0.0,0.0,0.0,0.0,0.0,36027.449799999995,36036.4571,0.0,36033.8565,0.0,36036.3348,0.0,0.0,0.0,0.0,0.0,0.0,0.0,36032.4377,0.0,36036.705,35997.075,0.0,0.0,0.0,0.0,0.0,0.0,0.0,0.0,0.0,0.0,36009.9152,0.0,0.0,0.0,180191.7260000004,3ac1d9275922
69,2013-05-06,0.0,0.0,37813.0884,37811.9863,0.0,0.0,0.0,0.0,0.0,0.0,0.0,37807.3332,0.0,0.0,0.0,0.0,0.0,0.0,0.0,0.0,0.0,0.0,0.0,37803.996,0.0,0.0,37805.2518,37789.809,0.0,37816.038,0.0,0.0,0.0,0.0,0.0,0.0,0.0,37803.8238,0.0,0.0,37802.0133,0.0,37815.6016,0.0,0.0,0.0,0.0,0.0,0.0,0.0,37812.1769,0.0,37808.3636,37814.845,0.0,0.0,37804.6368,0.0,0.0,0.0,0.0,0.0,0.0,0.0,37794.1719,0.0,0.0,0.0,189104.86830000053,3ac1d9275922
70,2013-06-03,37231.722,0.0,37226.208,37230.3285,0.0,0.0,0.0,0.0,0.0,0.0,0.0,37224.836,0.0,0.0,0.0,0.0,0.0,0.0,0.0,0.0,0.0,0.0,0.0,37208.923200000005,0.0,0.0,37226.4585,0.0,0.0,37232.91,0.0,0.0,0.0,0.0,0.0,0.0,0.0,37219.8058,0.0,0.0,0.0,0.0,37230.2843,0.0,0.0,0.0,0.0,0.0,0.0,0.0,37232.8227,0.0,37232.4846,37193.225,0.0,0.0,0.0,37227.5537,0.0,0.0,0.0,0.0,0.0,0.0,0.0,37223.556,0.0,0.0,223387.37220000057,3ac1d9275922
71,2013-07-01,0.0,0.0,36798.8208,36790.407,0.0,0.0,0.0,0.0,0.0,0.0,0.0,36793.3944,0.0,0.0,0.0,0.0,0.0,0.0,0.0,0.0,0.0,0.0,0.0,36801.3107,0.0,0.0,0.0,36787.4203,0.0,36789.9084,0.0,0.0,0.0,0.0,0.0,0.0,0.0,36780.4584,0.0,0.0,36794.5575,0.0,36797.8957,0.0,0.0,0.0,0.0,0.0,0.0,0.0,36797.5674,0.0,36799.0084,36796.7,0.0,0.0,0.0,36794.52,0.0,0.0,0.0,0.0,0.0,0.0,0.0,0.0,0.0,0.0,257599.78540000055,3ac1d9275922
72,2013-07-29,0.0,0.0,39091.3131,39084.5286,0.0,0.0,0.0,39092.5209,0.0,0.0,0.0,39086.649,0.0,0.0,0.0,0.0,0.0,0.0,0.0,0.0,0.0,0.0,0.0,0.0,0.0,0.0,39094.8384,39074.8224,0.0,39082.2528,0.0,0.0,0.0,0.0,0.0,0.0,0.0,0.0,39077.136,0.0,0.0,0.0,39089.31,0.0,39085.0564,0.0,0.0,0.0,0.0,0.0,39092.3693,0.0,39088.8801,39092.81,0.0,0.0,0.0,39093.7932,0.0,0.0,0.0,0.0,0.0,0.0,0.0,0.0,0.0,0.0,234566.90210000065,3ac1d9275922
73,2013-08-26,0.0,0.0,39283.278300000005,39284.6204,0.0,0.0,0.0,39261.2103,0.0,0.0,0.0,39276.2985,0.0,0.0,0.0,0.0,0.0,0.0,0.0,0.0,0.0,0.0,0.0,39264.8129,0.0,0.0,39286.617300000005,39277.1518,0.0,39276.0654,0.0,0.0,0.0,0.0,0.0,0.0,0.0,39279.681,39281.216,0.0,0.0,0.0,39280.8758,0.0,0.0,0.0,0.0,0.0,0.0,0.0,0.0,0.0,39276.455,39247.89,0.0,0.0,0.0,39281.424,0.0,0.0,0.0,0.0,0.0,0.0,0.0,0.0,0.0,0.0,235764.80140000055,3ac1d9275922
74,2013-09-23,0.0,0.0,40432.5455,40424.1236,0.0,0.0,0.0,40430.793600000005,0.0,0.0,0.0,40431.677,0.0,0.0,0.0,0.0,0.0,0.0,0.0,0.0,0.0,0.0,0.0,40406.2562,0.0,0.0,40426.1982,40421.92,0.0,40431.7728,0.0,0.0,0.0,0.0,0.0,0.0,0.0,0.0,40428.5136,0.0,0.0,0.0,40431.6766,0.0,0.0,40415.2564,0.0,0.0,0.0,0.0,40435.5699,0.0,40428.5952,0.0,0.0,0.0,0.0,40435.826,0.0,0.0,0.0,0.0,0.0,0.0,0.0,0.0,0.0,0.0,242620.3872000007,3ac1d9275922
75,2013-10-21,0.0,0.0,42775.2401,42767.1875,0.0,0.0,0.0,0.0,0.0,0.0,0.0,42772.2005,0.0,0.0,0.0,0.0,0.0,0.0,0.0,0.0,0.0,0.0,0.0,42778.6675,0.0,0.0,42780.636000000006,42761.4264,0.0,42776.07,0.0,0.0,0.0,0.0,0.0,0.0,0.0,42766.2742,42781.7808,0.0,0.0,0.0,42775.074100000005,0.0,0.0,0.0,0.0,0.0,0.0,0.0,42778.4981,0.0,42780.8849,0.0,0.0,0.0,0.0,42781.9106,0.0,0.0,0.0,0.0,0.0,0.0,42780.936,0.0,0.0,0.0,256686.80840000068,3ac1d9275922
76,2013-11-18,0.0,0.0,42205.15,42200.675,0.0,0.0,0.0,42208.1794,0.0,0.0,0.0,42199.6624,0.0,0.0,0.0,0.0,0.0,0.0,0.0,0.0,0.0,0.0,0.0,42185.42799999999,0.0,0.0,42211.4817,42167.064,0.0,42211.7498,0.0,0.0,0.0,0.0,0.0,0.0,0.0,0.0,42188.4426,0.0,0.0,0.0,42207.1882,0.0,0.0,0.0,0.0,0.0,0.0,0.0,42209.95619999999,0.0,42208.4013,42158.04,42206.252100000005,0.0,0.0,42204.2971,0.0,0.0,0.0,0.0,0.0,0.0,0.0,0.0,0.0,0.0,211147.10770000075,3ac1d9275922
77,2013-12-16,0.0,0.0,42831.8295,42818.0796,0.0,0.0,0.0,42788.7808,0.0,0.0,0.0,42825.3552,0.0,0.0,0.0,0.0,0.0,0.0,0.0,42823.7337,0.0,0.0,42831.36,0.0,0.0,0.0,42832.0404,42826.1652,0.0,42815.6271,0.0,0.0,0.0,0.0,0.0,0.0,0.0,42817.4025,0.0,0.0,0.0,0.0,42826.1174,0.0,0.0,0.0,0.0,0.0,0.0,0.0,42831.3468,0.0,42828.6392,42819.0,0.0,0.0,0.0,42823.8434,0.0,0.0,0.0,0.0,0.0,0.0,0.0,0.0,0.0,0.0,214185.1729000007,3ac1d9275922
78,2014-01-13,0.0,0.0,44642.8436,44634.5856,0.0,0.0,0.0,44618.5416,0.0,0.0,0.0,44635.351200000005,0.0,0.0,0.0,0.0,0.0,0.0,0.0,44643.9753,0.0,0.0,44645.04,0.0,0.0,0.0,0.0,44615.5176,0.0,44633.2398,0.0,0.0,0.0,0.0,0.0,0.0,0.0,44635.1805,44644.0668,0.0,0.0,0.0,44648.4402,0.0,0.0,0.0,0.0,0.0,0.0,0.0,44641.5705,44645.2623,44648.0812,0.0,0.0,0.0,0.0,44644.3758,0.0,0.0,0.0,0.0,0.0,0.0,0.0,0.0,0.0,0.0,223286.20100000055,3ac1d9275922
79,2014-02-10,0.0,0.0,45763.4463,45760.0528,0.0,0.0,0.0,0.0,0.0,0.0,0.0,45758.745,0.0,0.0,0.0,0.0,0.0,0.0,0.0,0.0,0.0,0.0,45764.65,45762.732,0.0,0.0,45758.1838,0.0,0.0,45761.562,0.0,0.0,0.0,0.0,0.0,0.0,0.0,0.0,0.0,0.0,0.0,0.0,45761.3808,0.0,0.0,0.0,0.0,0.0,0.0,0.0,45760.6175,45765.6396,45757.7019,45724.74,0.0,0.0,0.0,45759.168,0.0,0.0,0.0,0.0,0.0,0.0,45763.5636,0.0,0.0,0.0,274600.2479000008,3ac1d9275922
80,2014-03-10,0.0,0.0,47374.584,47367.232,0.0,0.0,0.0,0.0,0.0,0.0,0.0,47372.226,0.0,0.0,0.0,0.0,0.0,0.0,0.0,0.0,0.0,0.0,47377.01,47336.3339,0.0,0.0,47368.7184,47333.0354,0.0,47374.66560000001,0.0,0.0,0.0,0.0,0.0,0.0,0.0,0.0,47375.04579999999,0.0,0.0,0.0,47373.18,0.0,0.0,0.0,0.0,0.0,0.0,0.0,47371.4445,47376.275700000006,47368.4052,0.0,47375.3661,0.0,0.0,47370.0325,0.0,0.0,0.0,0.0,0.0,0.0,0.0,0.0,0.0,0.0,236916.32090000075,3ac1d9275922
81,2014-04-07,45122.565,0.0,45119.655,45114.363,0.0,0.0,0.0,0.0,0.0,0.0,0.0,45107.9381,0.0,0.0,0.0,0.0,0.0,0.0,0.0,0.0,0.0,0.0,0.0,45086.13,0.0,0.0,45122.73,0.0,0.0,45112.6632,0.0,0.0,0.0,0.0,0.0,0.0,0.0,45103.1224,0.0,0.0,0.0,0.0,45121.5128,0.0,0.0,0.0,0.0,0.0,0.0,0.0,45121.525400000006,45123.3318,45120.7626,0.0,45102.18,0.0,0.0,45114.9567,0.0,0.0,0.0,0.0,0.0,0.0,0.0,0.0,0.0,0.0,270755.0679000007,3ac1d9275922
82,2014-05-05,45723.3909,0.0,0.0,45726.093,0.0,0.0,0.0,0.0,0.0,0.0,0.0,45711.9784,0.0,0.0,0.0,0.0,0.0,0.0,0.0,45716.1481,0.0,0.0,0.0,44882.8484,0.0,0.0,45721.4628,45718.3552,0.0,45721.1502,0.0,0.0,0.0,0.0,0.0,0.0,0.0,0.0,45695.1846,0.0,0.0,0.0,45718.7868,0.0,0.0,0.0,0.0,0.0,0.0,0.0,45720.5868,45723.753,45725.369300000006,0.0,45704.1376,0.0,0.0,45719.2562,0.0,0.0,0.0,0.0,0.0,0.0,29.7065,0.0,0.0,0.0,229448.02280000076,3ac1d9275922
83,2014-06-02,0.0,0.0,46368.7168,46366.9806,0.0,0.0,0.0,0.0,0.0,0.0,0.0,46362.71200000001,0.0,0.0,0.0,0.0,0.0,0.0,0.0,0.0,0.0,0.0,0.0,46336.1184,0.0,0.0,46359.194,0.0,0.0,46365.9702,0.0,0.0,0.0,0.0,0.0,0.0,0.0,46369.7446,0.0,0.0,0.0,46352.448,46364.928,0.0,0.0,0.0,0.0,0.0,0.0,0.0,46367.562,46365.8148,46369.9344,46305.84,46340.784,0.0,0.0,46357.8399,0.0,0.0,0.0,0.0,0.0,0.0,0.0,0.0,0.0,0.0,231904.92560000063,3ac1d9275922
84,2014-06-30,0.0,0.0,47899.538700000005,47908.2746,0.0,0.0,0.0,0.0,0.0,0.0,0.0,47894.1716,0.0,0.0,0.0,0.0,0.0,0.0,0.0,47898.6507,0.0,0.0,0.0,47850.189900000005,0.0,0.0,47906.7488,0.0,0.0,47905.8844,0.0,0.0,0.0,0.0,0.0,0.0,0.0,0.0,0.0,0.0,0.0,0.0,47900.84,0.0,0.0,0.0,0.0,0.0,0.0,0.0,47905.6206,47905.2588,47908.49679999999,0.0,47905.65,0.0,0.0,47899.972,0.0,0.0,0.0,0.0,0.0,0.0,0.0,47905.596000000005,0.0,0.0,287463.56350000075,3ac1d9275922
85,2014-07-28,0.0,0.0,0.0,47731.9808,0.0,0.0,0.0,0.0,0.0,0.0,0.0,47731.8,0.0,0.0,0.0,0.0,0.0,0.0,0.0,47739.8652,0.0,0.0,0.0,47715.4932,0.0,0.0,47737.044,0.0,0.0,47744.5942,0.0,0.0,0.0,0.0,0.0,0.0,0.0,0.0,47724.2232,0.0,0.0,0.0,47737.9096,0.0,0.0,0.0,0.0,0.0,0.0,0.0,47744.4244,47742.0353,47735.9507,0.0,47740.6188,0.0,0.0,47736.78,0.0,0.0,0.0,0.0,0.0,0.0,0.0,47736.3818,0.0,0.0,286499.8058000007,3ac1d9275922
86,2014-08-25,0.0,0.0,47956.3812,47956.091,0.0,0.0,0.0,0.0,0.0,0.0,0.0,47949.889500000005,0.0,0.0,0.0,0.0,0.0,0.0,0.0,47961.9473,0.0,0.0,0.0,47929.8456,0.0,0.0,0.0,0.0,0.0,47950.5416,0.0,0.0,0.0,0.0,0.0,0.0,35059.3089,0.0,0.0,0.0,0.0,0.0,47956.9703,0.0,0.0,0.0,0.0,0.0,0.0,0.0,47959.135,47962.9892,47963.4478,0.0,47945.5946,0.0,0.0,47959.042,0.0,0.0,0.0,0.0,73.491,0.0,0.0,47956.47,0.0,0.0,300609.0093000006,3ac1d9275922
87,2014-09-22,0.0,0.0,47157.0561,47152.2456,0.0,0.0,0.0,0.0,0.0,0.0,0.0,47161.29,0.0,0.0,0.0,0.0,0.0,0.0,0.0,47163.571,0.0,0.0,0.0,47150.8635,0.0,0.0,0.0,0.0,0.0,47153.733,0.0,0.0,0.0,0.0,0.0,0.0,47092.836,0.0,47129.0706,0.0,0.0,0.0,47154.7314,0.0,0.0,0.0,0.0,0.0,0.0,0.0,47157.864,47161.088,47158.0558,0.0,0.0,0.0,0.0,47155.7523,0.0,0.0,0.0,0.0,0.0,0.0,0.0,0.0,0.0,0.0,330224.6906000005,3ac1d9275922
88,2014-10-20,0.0,0.0,45624.978,45626.2848,0.0,0.0,0.0,0.0,0.0,0.0,0.0,45619.6071,0.0,0.0,0.0,0.0,0.0,0.0,0.0,45625.3938,0.0,0.0,0.0,45606.9068,0.0,0.0,0.0,45613.737,0.0,0.0,0.0,0.0,0.0,0.0,0.0,0.0,45581.4276,0.0,45614.4202,0.0,45616.4809,0.0,45620.3712,0.0,0.0,0.0,0.0,0.0,0.0,0.0,45627.0408,45624.4878,45618.218,0.0,0.0,0.0,0.0,45617.7943,0.0,0.0,0.0,0.0,0.0,0.0,0.0,0.0,0.0,0.0,273805.4062000005,3ac1d9275922
89,2014-11-17,0.0,0.0,47450.3796,47444.9338,0.0,0.0,0.0,0.0,0.0,0.0,0.0,47441.4732,0.0,0.0,0.0,0.0,0.0,0.0,0.0,47441.631,0.0,0.0,0.0,47413.7048,0.0,0.0,47447.764,0.0,0.0,47443.764,0.0,0.0,0.0,0.0,0.0,0.0,0.0,0.0,0.0,0.0,0.0,0.0,47445.8814,0.0,0.0,0.0,0.0,0.0,0.0,0.0,47448.7482,47452.3435,0.0,47407.8,0.0,0.0,47454.4284,47443.46399999999,0.0,0.0,0.0,0.0,0.0,0.0,0.0,47445.086,0.0,0.0,284794.5573000007,3ac1d9275922
90,2014-12-15,0.0,0.0,46147.5294,46145.6038,0.0,0.0,0.0,0.0,0.0,0.0,0.0,46142.4568,0.0,0.0,0.0,0.0,0.0,0.0,0.0,46137.585,0.0,0.0,0.0,46146.8316,0.0,0.0,0.0,0.0,0.0,46144.14,0.0,0.0,0.0,0.0,0.0,0.0,46139.862,0.0,0.0,0.0,0.0,0.0,46143.5741,0.0,0.0,0.0,0.0,0.0,0.0,0.0,46143.9016,46150.1469,46150.5576,0.0,0.0,0.0,46136.856,46140.358400000005,0.0,0.0,0.0,0.0,0.0,0.0,0.0,46149.3039,0.0,0.0,276880.97700000065,3ac1d9275922
91,2015-01-12,0.0,0.0,47366.8416,0.0,0.0,0.0,0.0,0.0,0.0,0.0,0.0,47351.9826,0.0,0.0,0.0,0.0,0.0,0.0,0.0,47363.566,0.0,0.0,0.0,0.0,0.0,0.0,47357.3564,0.0,0.0,47365.6094,47328.7347,0.0,0.0,0.0,0.0,0.0,76.1226,0.0,47355.076,47344.7364,0.0,0.0,47360.3988,0.0,0.0,0.0,0.0,0.0,0.0,0.0,37747.2661,47368.329,47360.2728,0.0,0.0,0.0,47365.3836,47357.699100000005,0.0,0.0,0.0,0.0,0.0,47349.12,0.0,0.0,0.0,0.0,246457.0945000007,3ac1d9275922
92,2015-02-09,0.0,0.0,47136.24,0.0,0.0,0.0,0.0,0.0,0.0,0.0,0.0,47132.2946,47125.32,0.0,0.0,0.0,0.0,0.0,0.0,0.0,0.0,0.0,0.0,47115.9416,0.0,0.0,0.0,0.0,0.0,47145.6788,0.0,0.0,0.0,0.0,0.0,0.0,0.0,0.0,0.0,0.0,0.0,47145.756,47138.9872,0.0,0.0,0.0,0.0,47135.8137,0.0,0.0,47142.4671,47143.96,47141.9858,0.0,47125.3333,0.0,47133.261,47135.2737,0.0,0.0,0.0,0.0,0.0,0.0,0.0,47144.4404,0.0,0.0,235737.69680000076,3ac1d9275922
93,2015-03-09,0.0,0.0,46963.9438,0.0,0.0,0.0,0.0,0.0,0.0,0.0,0.0,46967.3274,0.0,0.0,0.0,0.0,0.0,0.0,0.0,46959.9897,0.0,0.0,0.0,46927.1299,0.0,0.0,0.0,0.0,0.0,46956.2665,0.0,0.0,0.0,0.0,0.0,0.0,46898.7925,0.0,0.0,0.0,0.0,46951.5756,46962.861,0.0,0.0,0.0,0.0,0.0,0.0,0.0,40415.3568,46964.7174,46962.794,0.0,46955.5878,0.0,46965.0324,46956.357,0.0,0.0,0.0,0.0,0.0,0.0,0.0,46960.068,0.0,0.0,241468.64670000089,3ac1d9275922
94,2015-04-06,27837.2704,0.0,48055.5552,0.0,0.0,0.0,0.0,0.0,0.0,0.0,0.0,48037.925500000005,0.0,0.0,0.0,0.0,48058.13,0.0,0.0,0.0,0.0,0.0,0.0,48015.168,48057.6855,0.0,48046.5768,0.0,0.0,0.0,0.0,0.0,0.0,0.0,0.0,0.0,48015.4847,0.0,0.0,0.0,48034.9866,48049.8674,48054.2756,0.0,0.0,0.0,0.0,0.0,0.0,0.0,48054.6495,48054.4764,0.0,0.0,0.0,0.0,48047.0439,48053.46,0.0,0.0,0.0,0.0,0.0,21.9771,0.0,0.0,0.0,0.0,260540.9406000008,3ac1d9275922
95,2015-05-04,0.0,0.0,47630.7206,0.0,0.0,0.0,0.0,47628.6459,0.0,0.0,0.0,47629.4445,0.0,0.0,0.0,0.0,47633.0,0.0,0.0,47625.435000000005,0.0,0.0,0.0,47625.283800000005,0.0,0.0,0.0,0.0,0.0,0.0,0.0,0.0,0.0,0.0,0.0,0.0,47621.6076,0.0,43337.011,0.0,0.0,0.0,47632.6089,0.0,0.0,0.0,0.0,0.0,0.0,0.0,47631.1184,47632.1524,0.0,0.0,47610.170000000006,0.0,0.0,47623.2627,0.0,0.0,0.0,0.0,0.0,0.0,0.0,47632.0824,0.0,0.0,290073.4548000009,3ac1d9275922
96,2015-06-01,0.0,47853.704600000005,47863.540400000005,0.0,0.0,0.0,0.0,0.0,0.0,0.0,0.0,47862.4986,0.0,0.0,0.0,0.0,47861.0,0.0,0.0,0.0,0.0,0.0,0.0,47828.448,0.0,0.0,0.0,47837.48790000001,0.0,47864.0268,0.0,0.0,0.0,0.0,0.0,0.0,0.0,0.0,47832.2682,0.0,0.0,0.0,47865.1229,0.0,0.0,0.0,0.0,0.0,0.0,0.0,0.0,47860.4959,0.0,47829.0,0.0,0.0,0.0,47861.14,47818.3552,0.0,0.0,0.0,0.0,0.0,32.5393,47863.5629,0.0,0.0,287230.2428000008,3ac1d9275922
97,2015-06-29,0.0,0.0,47101.8882,0.0,0.0,0.0,0.0,0.0,0.0,0.0,0.0,47090.1294,0.0,0.0,0.0,0.0,47107.2,0.0,0.0,0.0,0.0,0.0,0.0,0.0,0.0,0.0,0.0,47070.576,0.0,47097.693,0.0,0.0,47050.1408,0.0,0.0,0.0,47077.9407,47101.2313,47085.554,0.0,0.0,0.0,47097.648,0.0,0.0,0.0,0.0,0.0,0.0,0.0,47105.368,47110.7364,0.0,0.0,47082.6666,0.0,0.0,47111.196,0.0,0.0,0.0,0.0,0.0,0.0,0.0,47104.4595,0.0,0.0,235708.3589000008,3ac1d9275922
98,2015-07-27,0.0,0.0,47286.4368,0.0,0.0,0.0,0.0,0.0,0.0,0.0,0.0,47282.3442,0.0,0.0,0.0,0.0,47294.88,0.0,0.0,0.0,0.0,0.0,47295.36,0.0,0.0,0.0,0.0,47287.3736,0.0,47284.75000000001,0.0,0.0,0.0,0.0,0.0,0.0,47279.020800000006,47280.024,47278.1954,0.0,0.0,0.0,47296.6452,0.0,47291.5833,0.0,0.0,0.0,0.0,0.0,0.0,47295.0555,0.0,0.0,0.0,0.0,0.0,47295.9092,0.0,0.0,0.0,0.0,0.0,0.0,0.0,47285.0196,0.0,0.0,283776.7990000007,3ac1d9275922
99,2015-08-24,0.0,0.0,0.0,0.0,0.0,0.0,0.0,0.0,0.0,0.0,0.0,44149.651300000005,0.0,0.0,0.0,0.0,44150.34,0.0,0.0,0.0,0.0,0.0,44150.28,0.0,0.0,0.0,44151.7725,0.0,0.0,0.0,0.0,0.0,0.0,0.0,0.0,0.0,0.0,0.0,0.0,0.0,0.0,0.0,44144.3352,0.0,44141.3022,0.0,0.0,0.0,0.0,0.0,0.0,44153.7165,0.0,0.0,44127.267,0.0,44143.08,44153.2738,0.0,0.0,0.0,0.0,0.0,0.0,0.0,0.0,0.0,0.0,441510.6264000008,3ac1d9275922
100,2015-09-21,0.0,0.0,46242.7836,0.0,0.0,46242.9588,0.0,0.0,0.0,0.0,0.0,46243.293600000005,0.0,0.0,0.0,0.0,46246.4,0.0,0.0,0.0,0.0,0.0,46246.4,0.0,0.0,0.0,46235.0119,0.0,0.0,0.0,0.0,0.0,0.0,0.0,0.0,0.0,0.0,46245.384,0.0,0.0,0.0,0.0,46236.021,0.0,46237.9568,0.0,0.0,0.0,0.0,0.0,0.0,46248.3504,0.0,0.0,46223.9153,0.0,0.0,46234.9125,0.0,0.0,0.0,0.0,0.0,0.0,0.0,0.0,0.0,0.0,370004.5074000008,3ac1d9275922
101,2015-10-19,0.0,0.0,45883.7753,0.0,0.0,0.0,0.0,0.0,0.0,0.0,0.0,45880.5426,0.0,0.0,0.0,0.0,45883.05,0.0,0.0,0.0,0.0,0.0,45883.8,0.0,0.0,0.0,45870.9091,0.0,0.0,0.0,0.0,0.0,0.0,0.0,0.0,0.0,0.0,0.0,45838.2618,0.0,0.0,0.0,45870.7744,0.0,42207.9255,0.0,0.0,45874.8784,0.0,0.0,45882.573,45878.58,0.0,0.0,45883.0866,0.0,45870.888,0.0,0.0,0.0,0.0,0.0,0.0,0.0,0.0,0.0,0.0,0.0,324857.56640000094,3ac1d9275922
102,2015-11-16,0.0,0.0,46062.889,0.0,0.0,0.0,0.0,0.0,0.0,0.0,0.0,0.0,0.0,0.0,0.0,0.0,46060.56,0.0,0.0,0.0,0.0,0.0,46064.880000000005,46047.968,0.0,0.0,46065.2724,0.0,0.0,0.0,0.0,0.0,0.0,0.0,0.0,0.0,46040.5354,0.0,38554.7616,46042.4796,0.0,0.0,46064.1264,0.0,46048.1329,0.0,0.0,0.0,0.0,0.0,0.0,46062.0699,0.0,0.0,0.0,0.0,46063.3712,46062.2552,0.0,0.0,0.0,0.0,0.0,0.0,0.0,46057.5339,0.0,0.0,283903.16610000096,3ac1d9275922
103,2015-12-14,45203.3064,0.0,45211.7933,0.0,0.0,0.0,0.0,0.0,0.0,45212.0,0.0,0.0,45187.2604,0.0,0.0,0.0,45211.7,0.0,0.0,0.0,0.0,0.0,0.0,45159.8616,0.0,400.16,45200.9835,0.0,0.0,0.0,0.0,0.0,0.0,0.0,0.0,0.0,0.0,0.0,21906.6237,45180.6423,45203.01,0.0,45210.9774,0.0,45198.422,0.0,0.0,45204.2304,0.0,0.0,0.0,45211.644,0.0,0.0,0.0,0.0,45213.6892,45202.344,0.0,0.0,0.0,0.0,0.0,0.0,0.0,45208.050200000005,0.0,0.0,158639.855500001,3ac1d9275922
104,2016-01-11,43741.6696,0.0,0.0,0.0,0.0,0.0,0.0,0.0,0.0,0.0,0.0,0.0,0.0,0.0,0.0,0.0,43746.08,0.0,0.0,0.0,0.0,0.0,0.0,0.0,0.0,0.0,43738.5432,0.0,0.0,0.0,0.0,0.0,43747.581600000005,0.0,0.0,0.0,0.0,0.0,0.0,43720.725000000006,43727.0526,43724.6868,43733.4639,0.0,43744.672,0.0,0.0,43743.392,0.0,43731.6462,0.0,0.0,0.0,0.0,0.0,0.0,43738.9968,43745.6019,0.0,0.0,0.0,0.0,0.0,0.0,0.0,0.0,0.0,0.0,306220.26170000085,3ac1d9275922
105,2016-02-08,43199.52,0.0,0.0,0.0,0.0,0.0,0.0,0.0,0.0,43200.0778,0.0,0.0,0.0,0.0,0.0,0.0,43211.95,0.0,0.0,0.0,0.0,0.0,0.0,0.0,0.0,0.0,0.0,0.0,0.0,0.0,43166.354,0.0,0.0,0.0,0.0,0.0,0.0,0.0,43204.6472,43201.8312,43196.944,43210.8201,43203.1425,0.0,43201.184,0.0,0.0,43210.9392,0.0,0.0,0.0,0.0,0.0,0.0,0.0,0.0,43206.45,0.0,0.0,0.0,0.0,0.0,0.0,0.0,0.0,0.0,0.0,0.0,345788.1719000009,3ac1d9275922
106,2016-03-07,44905.097,0.0,44916.7444,0.0,0.0,0.0,0.0,0.0,0.0,44920.43429999999,0.0,0.0,0.0,0.0,0.0,0.0,44919.52,0.0,0.0,0.0,0.0,0.0,0.0,0.0,0.0,0.0,44918.9406,0.0,0.0,0.0,44909.4924,0.0,0.0,0.0,0.0,0.0,0.0,0.0,44896.4696,44893.849,0.0,44886.969000000005,44908.6854,0.0,44912.4561,0.0,0.0,44915.9438,0.0,909.3487,44914.9309,44918.376,0.0,0.0,44916.4053,0.0,44912.6313,0.0,0.0,0.0,0.0,0.0,0.0,0.0,0.0,44917.026,0.0,0.0,133896.90200000093,3ac1d9275922
107,2016-04-04,46379.3478,0.0,46398.753,0.0,0.0,0.0,0.0,0.0,0.0,0.0,0.0,0.0,0.0,0.0,0.0,0.0,46397.0,0.0,0.0,0.0,0.0,0.0,0.0,0.0,0.0,0.0,46389.0282,0.0,0.0,0.0,0.0,0.0,0.0,0.0,0.0,0.0,0.0,0.0,46362.851,0.0,46395.6648,46364.094800000006,46392.6738,0.0,46379.543600000005,0.0,0.0,46395.9936,0.0,46380.6162,46394.5914,46397.2362,0.0,0.0,0.0,0.0,46383.376,46384.722,0.0,0.0,0.0,0.0,0.0,0.0,0.0,46399.4338,0.0,0.0,185650.5623000009,3ac1d9275922
108,2016-05-02,46495.245,0.0,46488.684,0.0,0.0,0.0,0.0,0.0,0.0,0.0,0.0,0.0,0.0,0.0,0.0,0.0,46497.9,0.0,0.0,0.0,0.0,0.0,0.0,0.0,0.0,0.0,46481.4,0.0,0.0,0.0,0.0,0.0,0.0,0.0,0.0,0.0,46470.486,0.0,46450.4985,0.0,46472.7984,46465.96920000001,46496.0132,0.0,46490.7584,0.0,0.0,46493.98,0.0,46463.7312,46493.112,46495.4121,0.0,0.0,0.0,0.0,46494.0972,0.0,0.0,0.0,0.0,0.0,0.0,0.0,0.0,46488.33,0.0,0.0,186118.89060000097,3ac1d9275922
109,2016-05-30,47412.867000000006,47412.1725,47415.2922,0.0,0.0,0.0,0.0,0.0,0.0,0.0,0.0,0.0,0.0,0.0,0.0,0.0,47422.38,0.0,0.0,0.0,0.0,0.0,47423.2,0.0,0.0,0.0,47411.047600000005,0.0,0.0,0.0,0.0,0.0,0.0,0.0,0.0,0.0,0.0,0.0,0.0,0.0,47423.6448,47419.8888,47415.445,0.0,47423.9199,47411.8125,0.0,47419.401600000005,0.0,0.0,0.0,47424.645,0.0,0.0,0.0,0.0,47418.6039,0.0,0.0,0.0,0.0,0.0,0.0,0.0,0.0,0.0,0.0,0.0,284529.6364000009,3ac1d9275922
110,2016-06-27,48431.4263,0.0,48455.1,0.0,0.0,0.0,0.0,0.0,0.0,48452.5952,0.0,0.0,0.0,0.0,0.0,0.0,48452.04,0.0,0.0,0.0,0.0,0.0,48454.8,0.0,0.0,0.0,48442.767100000005,0.0,0.0,0.0,0.0,0.0,0.0,0.0,0.0,0.0,0.0,0.0,0.0,0.0,48455.496,48452.8201,48441.6432,0.0,0.0,0.0,0.0,48454.749800000005,0.0,0.0,0.0,0.0,48442.7652,0.0,0.0,0.0,48450.3621,0.0,0.0,0.0,0.0,0.0,0.0,0.0,0.0,0.0,0.0,0.0,387609.3769000009,3ac1d9275922
111,2016-07-25,50669.1016,0.0,0.0,0.0,0.0,50694.66,0.0,0.0,0.0,0.0,0.0,0.0,0.0,0.0,0.0,0.0,50693.03,0.0,0.0,0.0,0.0,0.0,50692.2,0.0,0.0,0.0,50689.9388,0.0,0.0,0.0,0.0,0.0,0.0,0.0,0.0,0.0,0.0,0.0,0.0,0.0,50670.5627,50682.8512,50693.8784,0.0,50674.465500000006,50522.601,0.0,50689.386000000006,0.0,0.0,0.0,50694.033,50684.5872,0.0,0.0,0.0,50696.2044,0.0,0.0,0.0,0.0,0.0,0.0,0.0,0.0,0.0,0.0,0.0,304421.8060000008,3ac1d9275922
112,2016-08-22,51662.0182,0.0,51681.3292,0.0,0.0,11327.7468,0.0,0.0,0.0,0.0,0.0,0.0,0.0,0.0,0.0,0.0,51680.06,0.0,0.0,0.0,0.0,0.0,51685.92,0.0,0.0,0.0,51676.092,0.0,0.0,0.0,0.0,0.0,0.0,0.0,0.0,0.0,0.0,0.0,0.0,0.0,51679.296,51651.9135,51671.1805,0.0,51678.7794,51673.3947,0.0,51682.3446,0.0,0.0,0.0,51683.048,51680.9547,0.0,51647.535,0.0,0.0,0.0,0.0,0.0,0.0,0.0,0.0,0.0,0.0,0.0,0.0,0.0,298902.3493000006,3ac1d9275922
113,2016-09-19,51491.862,0.0,51498.326,0.0,0.0,51500.9453,0.0,0.0,0.0,0.0,0.0,0.0,0.0,0.0,0.0,0.0,51511.04000000001,0.0,0.0,0.0,0.0,0.0,51504.64,0.0,0.0,0.0,51509.8535,0.0,0.0,0.0,51458.0147,0.0,0.0,0.0,0.0,0.0,0.0,0.0,0.0,0.0,0.0,0.0,51511.300500000005,0.0,0.0,0.0,0.0,51509.8039,0.0,0.0,0.0,0.0,51510.6464,0.0,0.0,0.0,51495.1365,0.0,0.0,0.0,0.0,0.0,0.0,0.0,0.0,0.0,0.0,0.0,463613.34370000055,3ac1d9275922
114,2016-10-17,51369.42140000001,0.0,51372.0466,0.0,0.0,0.0,0.0,0.0,0.0,0.0,0.0,0.0,0.0,0.0,0.0,0.0,51375.600000000006,0.0,0.0,0.0,0.0,0.0,51380.64,0.0,0.0,0.0,51373.6566,0.0,0.0,0.0,0.0,0.0,0.0,0.0,0.0,0.0,0.0,0.0,0.0,0.0,0.0,0.0,51369.0408,0.0,0.0,0.0,0.0,51368.859,0.0,0.0,0.0,51379.4124,51378.66,0.0,51347.973600000005,0.0,51363.279,0.0,0.0,0.0,0.0,0.0,0.0,0.0,0.0,0.0,0.0,0.0,462453.6278000006,3ac1d9275922
115,2016-11-14,0.0,0.0,52536.4864,0.0,0.0,52536.3072,0.0,0.0,0.0,0.0,0.0,0.0,0.0,0.0,0.0,0.0,52530.02,0.0,0.0,0.0,0.0,0.0,52525.84,0.0,0.0,0.0,52536.515,0.0,0.0,0.0,0.0,0.0,0.0,0.0,0.0,0.0,0.0,0.0,0.0,0.0,0.0,0.0,0.0,0.0,0.0,0.0,0.0,52524.16,0.0,0.0,52534.3996,0.0,52535.9796,0.0,52509.9144,0.0,0.0,0.0,0.0,0.0,0.0,0.0,0.0,0.0,0.0,0.0,52512.7352,0.0,525381.4443000007,3ac1d9275922
116,2016-12-12,0.0,0.0,53876.1816,53878.3036,0.0,53883.07430000001,0.0,0.0,0.0,0.0,0.0,0.0,0.0,0.0,0.0,0.0,53877.96,0.0,0.0,0.0,0.0,0.0,53873.880000000005,0.0,0.0,0.0,53887.1424,0.0,0.0,0.0,53838.41359999999,0.0,0.0,0.0,0.0,0.0,0.0,0.0,0.0,0.0,0.0,0.0,0.0,0.0,0.0,0.0,0.0,53874.7698,0.0,0.0,53879.2716,53885.79,0.0,0.0,0.0,0.0,53871.6084,0.0,0.0,0.0,0.0,0.0,0.0,0.0,0.0,0.0,0.0,0.0,485021.1534000007,3ac1d9275922
117,2017-01-09,54645.7962,0.0,54657.0238,54658.9874,0.0,54654.0544,0.0,0.0,0.0,0.0,0.0,0.0,0.0,0.0,0.0,0.0,54663.48,0.0,0.0,0.0,0.0,0.0,54656.22,0.0,0.0,0.0,0.0,0.0,0.0,0.0,0.0,0.0,0.0,0.0,0.0,0.0,0.0,0.0,0.0,0.0,0.0,0.0,54651.0312,0.0,0.0,0.0,0.0,54654.6968,0.0,0.0,54655.913,54660.8,0.0,0.0,0.0,0.0,0.0,0.0,0.0,0.0,0.0,0.0,0.0,0.0,0.0,0.0,54649.3441,0.0,491959.6547000005,3ac1d9275922
118,2017-02-06,0.0,0.0,55005.3096,54998.6897,0.0,55001.5872,0.0,0.0,0.0,0.0,0.0,0.0,0.0,0.0,0.0,0.0,55012.56,0.0,0.0,0.0,0.0,0.0,55002.380000000005,0.0,0.0,0.0,0.0,0.0,0.0,0.0,0.0,0.0,0.0,0.0,0.0,0.0,0.0,0.0,0.0,55002.6588,0.0,0.0,0.0,0.0,0.0,0.0,0.0,55001.8578,0.0,0.0,55011.2844,55009.2965,0.0,0.0,54978.056,0.0,0.0,55008.2247,0.0,0.0,0.0,0.0,0.0,0.0,0.0,0.0,55002.5766,0.0,440119.56970000046,3ac1d9275922
119,2017-03-06,56139.8376,0.0,0.0,56125.4628,0.0,56140.0452,0.0,0.0,0.0,0.0,0.0,0.0,0.0,0.0,0.0,0.0,56129.92,0.0,0.0,0.0,0.0,0.0,56120.37,0.0,0.0,0.0,56129.9028,0.0,0.0,0.0,0.0,0.0,0.0,0.0,0.0,0.0,0.0,0.0,0.0,0.0,0.0,0.0,0.0,0.0,56126.1532,0.0,0.0,56126.272,0.0,0.0,56131.517,56140.560000000005,56127.561,0.0,0.0,0.0,0.0,56136.9496,0.0,0.0,0.0,0.0,0.0,0.0,0.0,0.0,56128.464,0.0,392993.29630000016,3ac1d9275922
120,2017-04-03,56693.853,0.0,56708.966400000005,56704.6962,0.0,56706.9314,0.0,56701.8562,0.0,0.0,0.0,0.0,0.0,0.0,0.0,0.0,56712.0,0.0,0.0,0.0,0.0,0.0,56705.33,0.0,0.0,0.0,0.0,0.0,0.0,0.0,0.0,0.0,0.0,0.0,0.0,0.0,0.0,0.0,0.0,0.0,0.0,0.0,0.0,0.0,56698.5969,0.0,0.0,56704.23,0.0,0.0,56716.2889,56714.658,0.0,0.0,0.0,0.0,0.0,56698.8037,0.0,0.0,0.0,0.0,0.0,0.0,0.0,56704.936,0.0,0.0,397067.7479000003,3ac1d9275922
121,2017-05-01,0.0,0.0,0.0,58635.1038,0.0,58630.6155,0.0,0.0,0.0,0.0,0.0,0.0,0.0,0.0,0.0,0.0,58628.560000000005,0.0,0.0,0.0,0.0,0.0,58638.95,0.0,0.0,0.0,58620.3709,0.0,0.0,0.0,0.0,0.0,0.0,0.0,0.0,0.0,0.0,0.0,0.0,0.0,0.0,0.0,0.0,0.0,58633.1109,0.0,0.0,58624.348000000005,0.0,0.0,0.0,36104.3811,58640.7561,0.0,58585.5788,0.0,58629.850900000005,58625.92799999999,0.0,0.0,0.0,0.0,0.0,0.0,0.0,58638.8933,0.0,0.0,433079.4487000004,3ac1d9275922
122,2017-05-29,58599.1978,0.0,58595.053,58586.0004,0.0,58597.7536,0.0,0.0,0.0,0.0,0.0,0.0,0.0,0.0,0.0,0.0,58588.92,0.0,0.0,0.0,0.0,0.0,58591.8,0.0,0.0,0.0,58596.614,0.0,0.0,0.0,0.0,0.0,0.0,0.0,0.0,0.0,0.0,0.0,0.0,0.0,0.0,0.0,0.0,0.0,0.0,0.0,0.0,58593.6563,0.0,0.0,58601.2911,58600.9552,58592.3104,0.0,0.0,0.0,58596.0032,58590.228,0.0,0.0,0.0,0.0,0.0,0.0,0.0,0.0,0.0,0.0,410178.79750000057,3ac1d9275922
123,2017-06-26,60594.0435,0.0,60597.4663,60590.80300000001,0.0,0.0,0.0,0.0,0.0,0.0,0.0,0.0,0.0,0.0,0.0,0.0,60589.55,0.0,0.0,0.0,0.0,0.0,60581.7,0.0,0.0,0.0,60581.52450000001,0.0,0.0,0.0,0.0,0.0,0.0,0.0,0.0,0.0,0.0,0.0,0.0,0.0,0.0,0.0,0.0,0.0,60572.8026,0.0,0.0,60589.613,0.0,0.0,60592.3996,60598.5408,60597.4567,0.0,0.0,0.0,60577.2874,60599.728,0.0,0.0,0.0,0.0,0.0,0.0,0.0,0.0,0.0,0.0,424289.5548000005,3ac1d9275922
124,2017-07-24,61434.31800000001,0.0,61432.711200000005,61430.1875,0.0,61435.4976,0.0,61395.8158,0.0,0.0,0.0,0.0,0.0,0.0,0.0,0.0,61438.0,0.0,0.0,0.0,0.0,0.0,61420.35,0.0,0.0,0.0,61423.5555,0.0,0.0,0.0,0.0,0.0,0.0,0.0,0.0,0.0,0.0,0.0,0.0,0.0,0.0,0.0,0.0,0.0,61425.18000000001,0.0,0.0,61419.833,0.0,0.0,61434.6744,61431.714,61436.61,0.0,0.0,0.0,0.0,0.0,0.0,0.0,0.0,0.0,0.0,0.0,0.0,0.0,61419.7714,0.0,368685.5071000006,3ac1d9275922
125,2017-08-21,61389.1404,0.0,61389.20479999999,61383.804,0.0,0.0,0.0,61331.6667,0.0,0.0,0.0,0.0,0.0,0.0,0.0,0.0,61390.56,0.0,0.0,0.0,0.0,0.0,61389.36,0.0,0.0,0.0,61376.721000000005,0.0,0.0,0.0,0.0,0.0,0.0,0.0,0.0,0.0,0.0,0.0,0.0,0.0,0.0,0.0,0.0,0.0,0.0,0.0,0.0,61384.8648,0.0,0.0,61393.2975,61394.1485,61389.21690000001,0.0,0.0,0.0,61377.415,61377.9,0.0,0.0,0.0,0.0,0.0,0.0,0.0,61394.4821,0.0,0.0,368409.23740000057,3ac1d9275922
126,2017-09-18,0.0,0.0,63353.5064,63338.3118,0.0,0.0,0.0,63342.177,0.0,0.0,0.0,0.0,0.0,0.0,0.0,0.0,63348.84,0.0,0.0,0.0,0.0,0.0,63351.26,0.0,0.0,0.0,63333.3258,0.0,0.0,0.0,0.0,0.0,0.0,0.0,0.0,0.0,0.0,0.0,0.0,0.0,0.0,0.0,0.0,0.0,0.0,0.0,0.0,63341.264,0.0,0.0,63351.3803,63355.8002,63342.657900000006,0.0,0.0,0.0,63339.3223,63345.4156,0.0,0.0,0.0,0.0,0.0,0.0,0.0,63348.8544,63343.5252,0.0,380211.3362000008,3ac1d9275922
127,2017-10-16,0.0,0.0,63973.2534,63987.5555,0.0,63984.534900000006,0.0,63917.8502,0.0,0.0,0.0,0.0,0.0,0.0,0.0,0.0,63992.53,0.0,0.0,0.0,0.0,0.0,63989.1,0.0,0.0,0.0,0.0,0.0,0.0,63985.2746,0.0,0.0,0.0,0.0,0.0,0.0,0.0,0.0,0.0,0.0,0.0,0.0,0.0,0.0,0.0,0.0,0.0,63977.277,0.0,0.0,63990.2154,63989.55,63992.0403,0.0,0.0,0.0,0.0,63972.7221,0.0,0.0,0.0,0.0,0.0,63975.55560000001,0.0,63985.0178,63987.625,0.0,320035.15940000105,3ac1d9275922
128,2017-11-13,0.0,0.0,63289.6,63272.73,0.0,63290.311,0.0,63227.2245,0.0,0.0,0.0,0.0,0.0,0.0,0.0,0.0,63277.2,0.0,0.0,63283.1411,0.0,0.0,63275.45,0.0,0.0,0.0,63277.4912,0.0,0.0,0.0,0.0,0.0,0.0,0.0,0.0,0.0,0.0,0.0,0.0,0.0,0.0,0.0,0.0,0.0,0.0,0.0,0.0,63274.23,0.0,0.0,63283.227000000006,63289.94350000001,63273.838800000005,0.0,0.0,0.0,63270.3786,63290.367000000006,0.0,0.0,0.0,0.0,0.0,63283.6544,0.0,0.0,63282.6726,0.0,253265.62910000092,3ac1d9275922
129,2017-12-11,0.0,0.0,65027.3254,65027.3344,0.0,65019.866,0.0,0.0,0.0,0.0,0.0,0.0,0.0,0.0,0.0,0.0,65016.0,0.0,0.0,65021.76,0.0,0.0,65019.62,0.0,0.0,0.0,0.0,0.0,0.0,65015.5592,0.0,0.0,0.0,0.0,0.0,0.0,0.0,0.0,0.0,0.0,0.0,0.0,0.0,0.0,0.0,0.0,0.0,65008.8824,0.0,0.0,65021.764200000005,65027.0808,65027.7432,0.0,0.0,0.0,0.0,65014.4445,0.0,0.0,0.0,0.0,0.0,65018.7684,0.0,65015.993,65026.875,0.0,325206.85490000097,3ac1d9275922
130,2018-01-08,67678.60740000001,0.0,67698.89110000001,67697.42,0.0,67707.6456,0.0,67696.734,0.0,0.0,0.0,0.0,0.0,0.0,0.0,0.0,67713.48,0.0,0.0,67704.415,0.0,0.0,67712.3,0.0,0.0,0.0,0.0,0.0,0.0,67696.04699999999,0.0,0.0,0.0,0.0,0.0,0.0,0.0,0.0,0.0,0.0,0.0,0.0,0.0,0.0,0.0,0.0,0.0,67697.5658,0.0,0.0,67700.6175,67707.37,67698.501,0.0,0.0,0.0,0.0,0.0,0.0,0.0,0.0,0.0,0.0,0.0,0.0,67704.7564,67699.2234,0.0,338633.132700001,3ac1d9275922
131,2018-02-05,0.0,0.0,66686.04460000001,66702.8774,0.0,66698.6628,0.0,0.0,0.0,0.0,0.0,0.0,0.0,0.0,0.0,0.0,66686.95999999999,0.0,0.0,66699.0239,0.0,0.0,66681.78,0.0,0.0,0.0,0.0,0.0,0.0,66691.1143,0.0,0.0,0.0,0.0,0.0,0.0,0.0,0.0,0.0,0.0,0.0,0.0,0.0,0.0,0.0,0.0,0.0,0.0,0.0,0.0,66697.6708,66698.3661,66693.78,66648.95999999999,0.0,0.0,0.0,66692.7261,0.0,0.0,0.0,0.0,0.0,0.0,0.0,0.0,66704.9764,0.0,467020.1634000009,3ac1d9275922
132,2018-03-05,0.0,0.0,0.0,67225.5086,0.0,67217.23319999999,0.0,0.0,0.0,0.0,0.0,67220.284,0.0,0.0,0.0,0.0,67234.72,0.0,0.0,67230.042,0.0,0.0,67214.81,0.0,0.0,0.0,67227.0144,0.0,0.0,67222.4832,0.0,0.0,0.0,0.0,0.0,0.0,0.0,0.0,0.0,0.0,0.0,0.0,0.0,0.0,67208.5788,0.0,0.0,0.0,0.0,0.0,67223.202,67230.05870000001,0.0,0.0,0.0,0.0,0.0,0.0,0.0,0.0,0.0,0.0,0.0,0.0,0.0,67229.6348,67225.9084,0.0,470670.13370000105,3ac1d9275922
133,2018-04-02,0.0,0.0,0.0,64308.2622,0.0,64300.56080000001,0.0,64274.2282,0.0,0.0,0.0,0.0,0.0,0.0,0.0,79.4802,64295.24,0.0,0.0,64300.08,0.0,0.0,64298.08,0.0,0.0,0.0,0.0,0.0,0.0,64300.152,0.0,0.0,0.0,0.0,0.0,0.0,0.0,64262.8588,0.0,0.0,0.0,0.0,0.0,0.0,0.0,64301.1492,0.0,64289.2683,0.0,0.0,42016.15,64301.95280000001,0.0,0.0,0.0,0.0,64285.8288,0.0,0.0,0.0,0.0,0.0,0.0,0.0,0.0,64294.5192,64288.5705,0.0,343851.123100001,3ac1d9275922
134,2018-04-30,0.0,0.0,66258.7856,66263.04299999999,0.0,66263.7396,0.0,66194.2602,0.0,0.0,0.0,0.0,0.0,0.0,0.0,0.0,66250.53,0.0,0.0,66261.0879,66266.499,0.0,66249.24,0.0,0.0,0.0,0.0,0.0,0.0,66256.0749,0.0,0.0,0.0,0.0,0.0,0.0,0.0,66228.7752,0.0,0.0,0.0,0.0,0.0,0.0,66263.337,0.0,0.0,66244.7606,0.0,0.0,66263.2395,66260.2508,66264.3072,0.0,0.0,0.0,0.0,0.0,0.0,0.0,0.0,0.0,0.0,0.0,0.0,0.0,0.0,0.0,331424.8869000011,3ac1d9275922
135,2018-05-28,0.0,0.0,68045.3475,68055.7152,0.0,68044.5689,0.0,68041.6886,0.0,0.0,0.0,68054.3082,0.0,0.0,0.0,0.0,68038.72,0.0,0.0,68053.56,68041.818,0.0,68042.6,0.0,0.0,0.0,0.0,68029.9932,0.0,68047.4637,0.0,0.0,0.0,0.0,0.0,0.0,0.0,68055.9236,0.0,0.0,0.0,0.0,0.0,0.0,68036.186,0.0,0.0,0.0,0.0,0.0,68057.0462,68051.82149999999,0.0,0.0,0.0,0.0,0.0,0.0,0.0,0.0,0.0,0.0,0.0,0.0,0.0,0.0,0.0,0.0,340363.2976000012,3ac1d9275922
136,2018-06-25,0.0,68415.2898,68419.857,0.0,0.0,68424.6255,0.0,68358.6783,0.0,0.0,0.0,68417.0496,0.0,68397.7211,0.0,0.0,68420.12,0.0,0.0,0.0,68404.128,0.0,68409.54,0.0,0.0,0.0,0.0,68418.0783,0.0,68405.0853,68421.003,0.0,0.0,0.0,68288.6848,0.0,0.0,68372.5056,0.0,0.0,0.0,0.0,0.0,0.0,68418.2577,0.0,0.0,0.0,0.0,0.0,0.0,0.0,0.0,0.0,0.0,0.0,0.0,0.0,0.0,0.0,0.0,0.0,0.0,0.0,0.0,0.0,0.0,0.0,342395.6158000011,3ac1d9275922
137,2018-07-23,0.0,69812.3062,69830.5552,69810.72,0.0,69826.84000000001,0.0,69753.48300000001,0.0,0.0,0.0,69816.83899999999,0.0,0.0,0.0,0.0,0.0,0.0,0.0,0.0,69817.137,0.0,69813.09,0.0,0.0,0.0,0.0,69793.4473,0.0,69811.4684,69782.671,0.0,0.0,0.0,69756.0822,0.0,0.0,69787.5062,0.0,0.0,0.0,69826.73670000001,0.0,0.0,69801.5644,0.0,0.0,0.0,0.0,0.0,0.0,0.0,0.0,0.0,0.0,0.0,0.0,0.0,0.0,0.0,0.0,0.0,0.0,0.0,0.0,0.0,0.0,0.0,349462.3739000014,3ac1d9275922
138,2018-08-20,0.0,0.0,70076.3343,70067.99040000001,0.0,70081.8386,0.0,70061.37599999999,0.0,0.0,0.0,70059.9125,0.0,0.0,0.0,70055.205,0.0,0.0,0.0,0.0,70070.754,0.0,70070.09000000001,0.0,0.0,0.0,0.0,70078.0896,0.0,70077.2041,70062.26759999999,0.0,0.0,0.0,70069.27739999999,0.0,0.0,70075.6464,0.0,0.0,0.0,0.0,0.0,0.0,70049.4636,0.0,0.0,0.0,0.0,0.0,0.0,0.0,0.0,0.0,0.0,0.0,0.0,0.0,0.0,0.0,0.0,0.0,0.0,0.0,0.0,0.0,0.0,0.0,420631.5292000014,3ac1d9275922
139,2018-09-17,0.0,70450.29,0.0,70448.1468,0.0,70452.6523,0.0,70456.98659999999,0.0,0.0,0.0,70463.2313,0.0,0.0,0.0,70420.9344,70461.88,0.0,0.0,70462.4,70433.064,0.0,0.0,0.0,0.0,0.0,0.0,70429.308,0.0,70439.6781,70427.3718,0.0,0.0,0.0,0.0,0.0,0.0,70412.47499999999,0.0,0.0,0.0,0.0,0.0,0.0,70460.34300000001,0.0,0.0,0.0,0.0,0.0,0.0,0.0,0.0,0.0,0.0,0.0,0.0,0.0,0.0,0.0,0.0,0.0,0.0,0.0,0.0,0.0,0.0,0.0,422931.6980000014,3ac1d9275922
140,2018-10-15,0.0,0.0,67914.8392,0.0,0.0,67923.1087,0.0,67923.89749999999,0.0,0.0,0.0,0.0,0.0,0.0,0.0,67886.6965,0.0,0.0,0.0,67918.785,67896.894,0.0,67924.8,0.0,0.0,0.0,0.0,67908.1032,0.0,67915.9728,67857.6636,0.0,0.0,0.0,67810.9614,0.0,0.0,67924.0809,0.0,0.0,0.0,0.0,0.0,0.0,67897.1084,0.0,0.0,0.0,0.0,0.0,0.0,0.0,0.0,0.0,0.0,0.0,0.0,0.0,0.0,0.0,0.0,0.0,0.0,0.0,67902.1459,0.0,0.0,0.0,407862.9546000015,3ac1d9275922
141,2018-11-12,0.0,68882.9622,68871.6864,0.0,0.0,68880.5658,0.0,68864.668,0.0,0.0,0.0,0.0,0.0,0.0,0.0,0.0,0.0,0.0,0.0,68877.9455,68875.13100000001,0.0,0.0,0.0,0.0,0.0,0.0,68850.2074,0.0,68869.7966,68834.6886,0.0,0.0,68879.9124,68826.5658,0.0,0.0,68873.765,0.0,0.0,0.0,0.0,0.0,0.0,68826.9555,0.0,0.0,0.0,0.0,0.0,0.0,0.0,0.0,0.0,0.0,0.0,0.0,0.0,0.0,0.0,0.0,0.0,0.0,0.0,68867.9937,0.0,0.0,68829.8856,344622.5245000016,3ac1d9275922
142,2018-12-10,0.0,66989.5464,66987.3375,0.0,0.0,0.0,0.0,66968.6406,0.0,0.0,0.0,0.0,0.0,0.0,0.0,66959.28,0.0,0.0,0.0,67000.2008,0.0,0.0,0.0,0.0,0.0,0.0,0.0,66987.35,0.0,66984.2355,66963.52,0.0,0.0,66873.104,66889.728,0.0,0.0,66959.14379999999,0.0,0.0,0.0,0.0,0.0,0.0,66997.4608,66956.25,0.0,0.0,0.0,0.0,0.0,0.0,0.0,0.0,0.0,0.0,0.0,0.0,0.0,0.0,0.0,0.0,0.0,0.0,66968.2056,0.0,0.0,66981.416,335415.7616000015,3ac1d9275922
143,2019-01-07,0.0,64906.1451,64933.332,0.0,0.0,64928.0448,0.0,64931.7186,0.0,0.0,0.0,0.0,0.0,0.0,0.0,64907.515,0.0,0.0,0.0,64926.9,64925.952000000005,0.0,0.0,0.0,0.0,0.0,64924.79749999999,64926.6761,0.0,64927.19899999999,64927.9031,0.0,0.0,64716.6094,64871.8873,0.0,0.0,0.0,0.0,0.0,0.0,0.0,0.0,0.0,64900.53920000001,0.0,0.0,0.0,0.0,0.0,0.0,0.0,0.0,0.0,0.0,0.0,0.0,0.0,0.0,0.0,0.0,0.0,0.0,0.0,64903.6584,0.0,0.0,0.0,324984.6407000015,3ac1d9275922
144,2019-02-04,0.0,70213.554,70221.70880000001,0.0,0.0,70208.6063,0.0,70151.52,0.0,0.0,0.0,0.0,0.0,0.0,0.0,70191.492,0.0,0.0,0.0,70206.845,70215.678,0.0,0.0,70214.7069,0.0,0.0,0.0,70221.228,0.0,70211.4205,70191.51509999999,0.0,0.0,70156.113,70111.1216,0.0,0.0,0.0,0.0,0.0,0.0,0.0,70213.3736,0.0,70200.558,0.0,0.0,0.0,0.0,0.0,0.0,0.0,0.0,0.0,0.0,0.0,0.0,0.0,0.0,0.0,0.0,0.0,0.0,0.0,0.0,0.0,0.0,0.0,351434.42280000146,3ac1d9275922
145,2019-03-04,0.0,0.0,70803.61200000001,70817.1936,0.0,70807.9959,0.0,70815.36,0.0,0.0,0.0,70799.4682,0.0,0.0,0.0,70779.342,0.0,0.0,0.0,70817.9427,70795.374,0.0,0.0,0.0,0.0,0.0,0.0,70779.208,0.0,70809.7429,70785.9192,0.0,0.0,70797.412,70714.9933,0.0,0.0,0.0,0.0,0.0,0.0,0.0,70811.4596,0.0,70815.948,0.0,0.0,0.0,0.0,0.0,0.0,0.0,0.0,0.0,0.0,0.0,0.0,0.0,0.0,0.0,0.0,0.0,0.0,0.0,0.0,0.0,0.0,0.0,354415.9407000013,3ac1d9275922
146,2019-04-01,0.0,71947.71359999999,71950.1846,71940.204,0.0,71940.925,0.0,71910.9267,0.0,0.0,0.0,71934.4632,0.0,0.0,0.0,0.0,0.0,0.0,0.0,0.0,71918.535,0.0,0.0,71881.57740000001,0.0,0.0,0.0,71933.5024,0.0,0.0,0.0,0.0,0.0,71714.544,71894.8392,0.0,0.0,71938.2253,0.0,0.0,0.0,0.0,0.0,0.0,71936.5208,0.0,0.0,0.0,0.0,0.0,0.0,0.0,0.0,0.0,0.0,0.0,0.0,0.0,71757.532,0.0,0.0,0.0,0.0,0.0,0.0,0.0,0.0,0.0,432290.29850000143,3ac1d9275922
147,2019-04-29,0.0,74068.79520000001,74063.248,74062.5825,0.0,0.0,0.0,74044.782,0.0,0.0,0.0,0.0,0.0,0.0,0.0,74030.346,0.0,0.0,0.0,0.0,74080.8234,0.0,0.0,74024.2971,0.0,0.0,0.0,74071.152,0.0,74072.6896,0.0,0.0,0.0,73896.6594,73974.9807,0.0,0.0,74066.1508,0.0,0.0,0.0,0.0,0.0,0.0,74066.7668,0.0,0.0,0.0,0.0,0.0,0.0,0.0,0.0,0.0,74020.29460000001,0.0,0.0,0.0,0.0,0.0,0.0,0.0,0.0,0.0,0.0,0.0,0.0,0.0,445000.68470000126,3ac1d9275922
148,2019-05-27,0.0,72724.6732,72716.0616,72716.7035,0.0,0.0,0.0,72721.224,0.0,0.0,0.0,72717.073,0.0,0.0,0.0,72654.0576,0.0,0.0,0.0,0.0,72702.058,0.0,0.0,72705.948,0.0,0.0,0.0,72677.2215,0.0,0.0,72660.35609999999,0.0,0.0,0.0,72666.0396,0.0,0.0,72700.023,0.0,72698.562,0.0,0.0,0.0,0.0,72714.7442,0.0,0.0,0.0,0.0,0.0,0.0,0.0,0.0,0.0,0.0,0.0,0.0,0.0,0.0,0.0,0.0,0.0,0.0,0.0,0.0,0.0,0.0,0.0,436648.1834000015,3ac1d9275922
149,2019-06-24,0.0,75306.0744,75313.62359999999,75318.8328,0.0,0.0,74433.65000000001,75296.6025,0.0,0.0,0.0,0.0,0.0,0.0,0.0,75242.5525,0.0,0.0,0.0,0.0,75319.7049,0.0,0.0,75254.38399999999,0.0,0.0,0.0,75295.2375,0.0,0.0,75289.6773,0.0,0.0,0.0,75201.1467,0.0,75293.5576,75303.7374,0.0,0.0,0.0,0.0,0.0,0.0,75278.5515,0.0,0.0,0.0,0.0,0.0,0.0,0.0,0.0,0.0,0.0,0.0,0.0,0.0,0.0,0.0,0.0,0.0,0.0,0.0,0.0,0.0,0.0,0.0,453178.8205000013,3ac1d9275922
150,2019-07-22,0.0,77044.92,77065.83780000001,77055.81,0.0,0.0,0.0,77035.82040000001,0.0,0.0,0.0,0.0,0.0,0.0,0.0,0.0,0.0,0.0,0.0,0.0,77049.8564,0.0,0.0,76995.113,0.0,0.0,0.0,77026.0449,0.0,0.0,76948.38900000001,0.0,0.0,77065.116,77061.0486,0.0,0.0,77055.7316,77011.3098,0.0,0.0,0.0,0.0,0.0,77052.40620000001,0.0,0.0,0.0,0.0,0.0,0.0,0.0,0.0,0.0,0.0,0.0,0.0,0.0,0.0,0.0,0.0,0.0,0.0,0.0,0.0,0.0,0.0,0.0,539755.5232000011,3ac1d9275922
151,2019-08-19,0.0,0.0,76008.6947,75996.7222,0.0,76014.17589999999,0.0,75941.78300000001,0.0,0.0,0.0,76002.4571,0.0,0.0,0.0,0.0,75985.0,0.0,0.0,76009.6337,0.0,0.0,0.0,0.0,0.0,0.0,75992.0049,0.0,0.0,76003.764,75943.12049999999,0.0,0.0,0.0,75906.3465,0.0,0.0,76003.06839999999,0.0,0.0,0.0,0.0,75996.9855,0.0,0.0,0.0,0.0,0.0,0.0,0.0,0.0,76014.3232,0.0,0.0,0.0,0.0,0.0,0.0,0.0,0.0,76008.4553,0.0,0.0,0.0,0.0,0.0,0.0,0.0,380370.0816000013,3ac1d9275922
152,2019-09-16,0.0,0.0,0.0,0.0,0.0,79123.2384,0.0,79118.2728,0.0,0.0,0.0,79096.08959999999,0.0,0.0,0.0,0.0,79124.76000000001,0.0,0.0,79119.2109,79123.7869,0.0,0.0,0.0,0.0,0.0,0.0,79113.2325,0.0,79122.438,79006.1535,0.0,0.0,0.0,79056.8673,0.0,0.0,79102.068,0.0,0.0,0.0,0.0,79106.5732,0.0,79080.9396,0.0,0.0,0.0,0.0,0.0,0.0,0.0,0.0,0.0,0.0,0.0,0.0,0.0,0.0,0.0,0.0,0.0,0.0,79100.0288,0.0,0.0,0.0,0.0,475062.3068000013,3ac1d9275922
153,2019-10-14,78872.0625,0.0,0.0,0.0,0.0,0.0,0.0,78872.112,0.0,0.0,0.0,0.0,0.0,0.0,0.0,0.0,0.0,0.0,0.0,78868.02500000001,0.0,0.0,0.0,0.0,0.0,0.0,0.0,0.0,0.0,78855.6988,0.0,0.0,0.0,0.0,0.0,0.0,0.0,0.0,0.0,0.0,0.0,0.0,78860.2465,0.0,0.0,0.0,0.0,0.0,0.0,0.0,78871.43639999999,78874.48,0.0,0.0,0.0,0.0,0.0,0.0,0.0,0.0,0.0,0.0,0.0,0.0,0.0,0.0,0.0,0.0,1025379.4270000012,3ac1d9275922
154,2019-11-11,80117.991,80087.92739999999,80108.9883,80091.26370000001,0.0,80097.47959999999,0.0,80109.0608,0.0,0.0,0.0,80103.352,0.0,0.0,0.0,0.0,80085.65999999999,0.0,0.0,80096.9874,0.0,0.0,0.0,0.0,0.0,0.0,80090.6,0.0,0.0,80103.2374,0.0,0.0,0.0,0.0,80051.2632,0.0,0.0,80082.5892,0.0,0.0,0.0,0.0,80100.5031,0.0,80087.1566,0.0,0.0,80116.33350000001,0.0,0.0,80109.76640000001,80109.988,0.0,0.0,0.0,0.0,80082.2361,0.0,0.0,0.0,0.0,0.0,0.0,80098.5603,0.0,0.0,0.0,0.0,299.5962000009604,3ac1d9275922
155,2019-12-09,0.0,0.0,0.0,0.0,0.0,0.0,0.0,0.0,0.0,0.0,0.0,0.0,0.0,0.0,0.0,0.0,0.0,0.0,0.0,0.0,0.0,0.0,0.0,0.0,0.0,0.0,0.0,0.0,0.0,0.0,0.0,0.0,0.0,0.0,0.0,0.0,0.0,0.0,0.0,0.0,0.0,0.0,0.0,0.0,0.0,0.0,0.0,0.0,0.0,0.0,0.0,0.0,0.0,0.0,0.0,0.0,0.0,0.0,0.0,0.0,0.0,0.0,0.0,0.0,0.0,0.0,0.0,0.0,1625481.660300001,3ac1d9275922
156,2020-01-06,0.0,0.0,0.0,0.0,0.0,0.0,0.0,0.0,0.0,0.0,0.0,0.0,0.0,0.0,0.0,0.0,0.0,0.0,0.0,0.0,0.0,0.0,0.0,0.0,0.0,0.0,0.0,0.0,0.0,0.0,0.0,0.0,0.0,0.0,0.0,0.0,0.0,0.0,0.0,0.0,0.0,0.0,0.0,0.0,0.0,0.0,0.0,0.0,0.0,0.0,0.0,0.0,0.0,0.0,0.0,0.0,0.0,0.0,0.0,0.0,0.0,0.0,0.0,0.0,0.0,0.0,0.0,0.0,1625474.660300001,3ac1d9275922
157,2020-02-03,0.0,0.0,0.0,0.0,0.0,0.0,0.0,0.0,0.0,0.0,0.0,0.0,0.0,0.0,0.0,0.0,0.0,0.0,0.0,0.0,0.0,0.0,0.0,0.0,0.0,0.0,0.0,0.0,0.0,0.0,0.0,0.0,0.0,0.0,0.0,0.0,0.0,0.0,0.0,0.0,0.0,0.0,0.0,0.0,0.0,0.0,0.0,0.0,0.0,0.0,0.0,0.0,0.0,0.0,0.0,0.0,0.0,0.0,0.0,0.0,0.0,0.0,0.0,0.0,0.0,0.0,0.0,0.0,1625467.660300001,3ac1d9275922
158,2020-03-02,0.0,0.0,0.0,0.0,0.0,0.0,0.0,0.0,0.0,0.0,0.0,0.0,0.0,0.0,0.0,0.0,0.0,0.0,0.0,0.0,0.0,0.0,0.0,0.0,0.0,0.0,0.0,0.0,0.0,0.0,0.0,0.0,0.0,0.0,0.0,0.0,0.0,0.0,0.0,0.0,0.0,0.0,0.0,0.0,0.0,0.0,0.0,0.0,0.0,0.0,0.0,0.0,0.0,0.0,0.0,0.0,0.0,0.0,0.0,0.0,0.0,0.0,0.0,0.0,0.0,0.0,0.0,0.0,1625460.660300001,3ac1d9275922
159,2020-03-30,0.0,0.0,0.0,0.0,0.0,0.0,0.0,0.0,0.0,0.0,0.0,0.0,0.0,0.0,0.0,0.0,0.0,0.0,0.0,0.0,0.0,0.0,0.0,0.0,0.0,0.0,0.0,0.0,0.0,0.0,0.0,0.0,0.0,0.0,0.0,0.0,0.0,0.0,0.0,0.0,0.0,0.0,0.0,0.0,0.0,0.0,0.0,0.0,0.0,0.0,0.0,0.0,0.0,0.0,0.0,0.0,0.0,0.0,0.0,0.0,0.0,0.0,0.0,0.0,0.0,0.0,0.0,0.0,1625453.660300001,3ac1d9275922
160,2020-04-27,0.0,0.0,0.0,0.0,0.0,0.0,0.0,0.0,0.0,0.0,0.0,0.0,0.0,0.0,0.0,0.0,0.0,0.0,0.0,0.0,0.0,0.0,0.0,0.0,0.0,0.0,0.0,0.0,0.0,0.0,0.0,0.0,0.0,0.0,0.0,0.0,0.0,0.0,0.0,0.0,0.0,0.0,0.0,0.0,0.0,0.0,0.0,0.0,0.0,0.0,0.0,0.0,0.0,0.0,0.0,0.0,0.0,0.0,0.0,0.0,0.0,0.0,0.0,0.0,0.0,0.0,0.0,0.0,1625446.660300001,3ac1d9275922
161,2020-05-25,0.0,0.0,0.0,81241.23,0.0,81255.198,0.0,0.0,0.0,0.0,0.0,81238.208,0.0,0.0,0.0,0.0,81233.35,0.0,0.0,0.0,0.0,92.0051,81270.62000000001,0.0,0.0,0.0,0.0,0.0,0.0,0.0,0.0,0.0,0.0,0.0,0.0,0.0,0.0,0.0,0.0,0.0,0.0,0.0,0.0,0.0,0.0,0.0,0.0,0.0,0.0,0.0,0.0,81260.847,0.0,0.0,81241.02,0.0,0.0,81252.3804,0.0,0.0,81262.19619999999,0.0,0.0,0.0,0.0,0.0,0.0,0.0,894022.605600001,3ac1d9275922
162,2020-06-22,0.0,0.0,0.0,84486.4165,0.0,84479.9928,0.0,0.0,0.0,84498.901,0.0,84475.60059999999,0.0,0.0,0.0,0.0,0.0,0.0,0.0,33.455,0.0,0.0,84498.32,0.0,0.0,0.0,0.0,0.0,84490.94499999999,84480.4512,0.0,0.0,0.0,0.0,0.0,0.0,0.0,0.0,0.0,0.0,0.0,0.0,84487.5775,0.0,0.0,0.0,0.0,0.0,0.0,0.0,0.0,84494.544,0.0,0.0,0.0,0.0,0.0,84450.912,0.0,0.0,84492.45,0.0,0.0,84470.3507,0.0,0.0,0.0,0.0,676079.8520000011,3ac1d9275922
163,2020-07-20,0.0,0.0,89049.01,89031.44,0.0,89036.325,0.0,0.0,0.0,0.0,0.0,0.0,0.0,0.0,0.0,0.0,89015.68,0.0,0.0,89041.24740000001,0.0,0.0,89036.8,0.0,0.0,0.0,0.0,0.0,0.0,0.0,0.0,0.0,0.0,0.0,0.0,0.0,243.5091,0.0,0.0,0.0,0.0,0.0,89036.652,0.0,0.0,0.0,0.0,0.0,0.0,0.0,0.0,89054.211,0.0,0.0,0.0,0.0,89050.1891,89050.5729,0.0,0.0,89053.1222,0.0,0.0,0.0,0.0,89058.9276,0.0,0.0,712296.5443000011,3ac1d9275922
164,2020-08-17,0.0,0.0,91320.5472,91327.924,0.0,91319.8895,0.0,0.0,0.0,0.0,0.0,0.0,0.0,0.0,0.0,0.0,91336.0,0.0,0.0,91334.88,0.0,0.0,0.0,0.0,0.0,0.0,91326.248,0.0,0.0,91309.7429,0.0,0.0,0.0,0.0,0.0,0.0,0.0,0.0,0.0,0.0,0.0,0.0,0.0,0.0,0.0,0.0,0.0,0.0,0.0,0.0,0.0,91331.0472,91336.6278,0.0,0.0,0.0,0.0,91292.496,0.0,0.0,91324.1772,0.0,0.0,0.0,0.0,91319.013,0.0,0.0,730735.5814000012,3ac1d9275922
165,2020-09-14,0.0,91576.5812,91564.0557,0.0,0.0,91557.1812,0.0,0.0,0.0,0.0,0.0,0.0,0.0,0.0,0.0,0.0,91536.64,0.0,0.0,91568.8137,0.0,0.0,91575.19,0.0,0.0,0.0,91553.133,0.0,0.0,91558.6526,0.0,0.0,0.0,0.0,0.0,0.0,0.0,0.0,0.0,0.0,0.0,0.0,91576.3004,0.0,91576.722,91520.5473,0.0,0.0,0.0,0.0,0.0,91569.8936,91575.874,0.0,0.0,91516.5956,0.0,91477.1382,0.0,0.0,91564.3476,0.0,106.6292,0.0,0.0,91563.81,0.0,0.0,274877.29820000124,3ac1d9275922
166,2020-10-12,0.0,0.0,96197.0372,0.0,0.0,96219.3705,0.0,0.0,0.0,0.0,0.0,96201.27,0.0,0.0,0.0,0.0,96206.4,0.0,0.0,96184.6774,0.0,0.0,96207.76,0.0,0.0,0.0,0.0,0.0,0.0,96198.0429,0.0,0.0,0.0,0.0,0.0,0.0,0.0,0.0,0.0,0.0,0.0,0.0,0.0,0.0,0.0,0.0,0.0,96212.4928,0.0,0.0,96218.508,96206.1591,96202.1502,0.0,0.0,0.0,96209.1939,96126.5116,0.0,0.0,96204.8908,0.0,0.0,96217.2414,0.0,96215.771,0.0,0.0,385012.2860000013,3ac1d9275922
167,2020-11-09,0.0,0.0,94522.293,94507.455,0.0,94496.6085,0.0,0.0,0.0,0.0,0.0,94483.1321,0.0,0.0,0.0,0.0,94470.0,0.0,0.0,94515.96,0.0,0.0,94521.0,0.0,0.0,0.0,0.0,0.0,0.0,94519.0038,0.0,0.0,0.0,0.0,0.0,0.0,0.0,0.0,0.0,0.0,0.0,0.0,0.0,0.0,0.0,0.0,0.0,94504.6256,0.0,94498.7384,94516.6026,94510.0812,94502.725,0.0,0.0,0.0,94516.9566,94502.66,0.0,0.0,94512.0561,0.0,0.0,94499.2118,0.0,94512.1392,0.0,0.0,189241.8031000013,3ac1d9275922
168,2020-12-07,0.0,0.0,100462.253,100478.43,0.0,100466.892,0.0,0.0,0.0,0.0,0.0,100476.6021,0.0,0.0,0.0,0.0,100436.0,0.0,0.0,100475.7362,0.0,0.0,0.0,0.0,0.0,0.0,100471.966,0.0,0.0,100461.8988,0.0,0.0,0.0,0.0,0.0,0.0,0.0,0.0,0.0,0.0,0.0,0.0,0.0,0.0,50616.8015,0.0,0.0,0.0,0.0,0.0,100473.4113,100480.6224,0.0,0.0,100481.2182,100476.2075,0.0,100328.48,0.0,0.0,100485.1708,0.0,0.0,100443.255,0.0,100468.914,0.0,0.0,351624.3483000013,3ac1d9275922
169,2021-01-04,0.0,0.0,100804.9904,100798.1583,0.0,100822.981,0.0,0.0,0.0,0.0,0.0,100820.2936,0.0,0.0,0.0,0.0,100809.66,0.0,0.0,100813.7878,0.0,0.0,0.0,0.0,0.0,0.0,0.0,0.0,0.0,100816.595,0.0,0.0,0.0,0.0,0.0,0.0,0.0,0.0,0.0,0.0,0.0,0.0,0.0,0.0,0.0,0.0,0.0,100799.0886,0.0,0.0,100821.0126,100811.3995,100803.216,0.0,0.0,100750.0592,0.0,100708.2738,0.0,0.0,100806.4076,0.0,0.0,100782.233,0.0,100805.2967,0.0,0.0,403578.7581000014,3ac1d9275922
170,2021-02-01,0.0,0.0,103267.47,103277.337,0.0,103284.1146,0.0,0.0,0.0,0.0,0.0,103280.5224,0.0,0.0,0.0,0.0,103286.97,0.0,0.0,103272.3,103273.7454,0.0,103278.56,0.0,0.0,0.0,103279.12,0.0,0.0,103288.8654,0.0,0.0,0.0,0.0,0.0,0.0,0.0,0.0,103052.0919,0.0,0.0,0.0,0.0,0.0,0.0,0.0,0.0,0.0,0.0,0.0,103287.597,103291.5524,0.0,0.0,0.0,103216.665,0.0,103016.7056,0.0,0.0,103288.8416,0.0,0.0,83495.99339999999,0.0,103293.421,0.0,0.0,226994.0562000014,3ac1d9275922
171,2021-03-01,0.0,0.0,107693.8354,107683.4088,0.0,107689.8974,0.0,0.0,0.0,0.0,0.0,107645.507,0.0,0.0,0.0,0.0,60.63,0.0,0.0,107691.995,107677.1135,0.0,0.0,0.0,0.0,0.0,0.0,0.0,107696.712,107685.442,0.0,0.0,0.0,0.0,0.0,0.0,0.0,0.0,0.0,0.0,0.0,0.0,107693.918,0.0,0.0,0.0,0.0,0.0,0.0,0.0,107691.164,107688.2627,0.0,0.0,0.0,0.0,0.0,107525.0383,0.0,0.0,107685.502,0.0,0.0,0.0,0.0,107686.6686,107689.3903,0.0,538704.8269000014,3ac1d9275922
172,2021-03-29,0.0,0.0,107988.1055,0.0,0.0,107975.385,0.0,0.0,0.0,0.0,0.0,107975.1544,0.0,0.0,0.0,0.0,0.0,0.0,0.0,107951.1426,0.0,0.0,0.0,107972.3856,0.0,0.0,107984.8988,0.0,0.0,107966.4984,0.0,0.0,0.0,0.0,0.0,0.0,0.0,0.0,0.0,0.0,0.0,0.0,107973.7344,0.0,0.0,0.0,0.0,107968.969,0.0,0.0,107973.0813,107991.1021,63191.9003,0.0,0.0,0.0,50.8611,107790.7857,0.0,0.0,107975.8798,0.0,0.0,0.0,0.0,107974.9643,107965.4556,0.0,477002.3608000013,3ac1d9275922
173,2021-04-26,0.0,0.0,115339.3947,0.0,0.0,115332.2639,0.0,0.0,0.0,0.0,0.0,115287.769,0.0,0.0,0.0,0.0,0.0,0.0,0.0,115309.7647,0.0,0.0,0.0,115288.3812,0.0,0.0,0.0,0.0,0.0,115299.2124,0.0,0.0,0.0,0.0,0.0,0.0,0.0,0.0,0.0,0.0,0.0,0.0,115341.396,0.0,0.0,0.0,0.0,115323.2544,0.0,0.0,115323.0015,115336.938,115339.8575,0.0,0.0,0.0,0.0,115159.2156,0.0,0.0,115325.7732,0.0,0.0,0.0,0.0,115340.8212,115338.5288,0.0,577050.901000001,3ac1d9275922
174,2021-05-24,0.0,115495.2741,115509.195,32789.6442,0.0,115513.632,0.0,0.0,0.0,0.0,0.0,0.0,0.0,0.0,0.0,0.0,0.0,0.0,115506.6102,115482.9918,115499.1514,0.0,0.0,0.0,0.0,0.0,0.0,0.0,0.0,115508.3158,0.0,0.0,0.0,0.0,0.0,0.0,0.0,0.0,0.0,0.0,0.0,0.0,115501.4294,0.0,0.0,0.0,0.0,0.0,0.0,0.0,115513.0416,115517.925,115506.1188,0.0,0.0,0.0,0.0,115425.7657,0.0,0.0,115501.8417,0.0,0.0,0.0,0.0,115496.5858,115515.2376,0.0,544952.1807000008,3ac1d9275922
175,2021-06-21,0.0,116453.4252,116431.3844,116423.7324,0.0,116405.5161,0.0,0.0,0.0,0.0,0.0,116452.632,0.0,0.0,0.0,0.0,0.0,0.0,0.0,116449.0,0.0,0.0,0.0,0.0,0.0,0.0,0.0,0.0,0.0,116446.5024,0.0,0.0,0.0,0.0,0.0,0.0,0.0,0.0,0.0,0.0,0.0,0.0,116438.4924,0.0,0.0,0.0,0.0,0.0,0.0,0.0,116435.288,116447.214,116447.6475,0.0,0.0,0.0,0.0,116302.1346,0.0,0.0,116444.0508,0.0,0.0,0.0,0.0,116440.5517,116430.9776,0.0,582513.9207000011,3ac1d9275922
176,2021-07-19,0.0,0.0,117508.2437,0.0,0.0,117525.2784,0.0,0.0,0.0,0.0,0.0,0.0,0.0,0.0,0.0,0.0,64.3,0.0,99489.168,117509.2677,117516.0275,0.0,0.0,0.0,0.0,0.0,0.0,0.0,0.0,117529.5798,0.0,0.0,0.0,0.0,0.0,0.0,0.0,0.0,0.0,0.0,0.0,0.0,117503.543,0.0,0.0,0.0,0.0,0.0,0.0,0.0,117512.2432,117513.1402,117523.5462,117507.6,0.0,0.0,117514.137,117396.6515,0.0,0.0,117513.5104,0.0,0.0,0.0,0.0,117522.4308,117529.9112,0.0,488286.8148000015,3ac1d9275922
177,2021-08-16,0.0,0.0,125377.044,0.0,0.0,93319.6826,0.0,0.0,0.0,0.0,0.0,125362.1512,0.0,0.0,0.0,0.0,0.0,0.0,0.0,125365.1044,0.0,0.0,0.0,0.0,0.0,0.0,125390.9268,0.0,0.0,125398.392,0.0,0.0,0.0,0.0,0.0,0.0,0.0,125381.223,0.0,0.0,0.0,0.0,125370.2628,0.0,0.0,0.0,0.0,0.0,0.0,0.0,125399.594,125395.0412,125401.6834,0.0,0.0,125356.6762,0.0,125340.3684,0.0,0.0,125385.5025,0.0,0.0,0.0,0.0,125378.114,125404.466,0.0,533921.3214000014,3ac1d9275922
178,2021-09-13,0.0,125840.52,125877.2568,0.0,0.0,125622.2464,0.0,0.0,0.0,0.0,0.0,125882.0322,0.0,0.0,0.0,0.0,0.0,0.0,0.0,125858.415,0.0,0.0,0.0,0.0,0.0,0.0,125850.1296,0.0,0.0,125859.4785,0.0,0.0,0.0,0.0,0.0,0.0,0.0,0.0,0.0,0.0,0.0,0.0,125856.7046,0.0,0.0,0.0,0.0,125875.9418,0.0,0.0,125887.6224,125880.1999,125875.8504,0.0,0.0,125819.4857,115.0262,125814.6836,0.0,0.0,125890.1084,0.0,0.0,0.0,0.0,125876.5068,0.0,0.0,503986.8654000014,3ac1d9275922
179,2021-10-11,0.0,0.0,123302.74,123304.2445,0.0,123264.64979999998,0.0,0.0,0.0,0.0,0.0,123258.7803,0.0,0.0,0.0,0.0,0.0,0.0,0.0,123296.0579,0.0,0.0,0.0,48828.3334,0.0,0.0,123283.565,0.0,0.0,123251.6643,0.0,123293.0556,0.0,0.0,0.0,0.0,0.0,0.0,0.0,0.0,0.0,0.0,123304.0992,0.0,0.0,0.0,0.0,0.0,0.0,0.0,123293.225,123308.3652,123303.0288,0.0,0.0,0.0,0.0,123278.66,0.0,0.0,123301.7532,0.0,0.0,0.0,0.0,123304.9343,0.0,123306.2076,444556.2087000008,3ac1d9275922
180,2021-11-08,0.0,0.0,137634.3945,0.0,0.0,137650.128,0.0,0.0,0.0,0.0,0.0,137633.9816,0.0,0.0,0.0,0.0,0.0,0.0,0.0,137622.3309,0.0,0.0,0.0,137642.7646,0.0,0.0,137630.52800000002,0.0,0.0,137665.6128,0.0,0.0,0.0,0.0,0.0,0.0,0.0,0.0,0.0,0.0,0.0,0.0,137660.99420000002,0.0,0.0,0.0,0.0,0.0,0.0,0.0,137671.7072,137655.8064,137647.7352,0.0,0.0,0.0,0.0,137614.5785,0.0,0.0,137649.2087,0.0,0.0,0.0,0.0,137642.1574,137642.3118,137617.41569999998,551035.9389000013,3ac1d9275922
181,2021-12-06,0.0,0.0,133615.3546,133617.9078,0.0,133592.7978,0.0,0.0,0.0,0.0,0.0,133563.3219,0.0,0.0,0.0,0.0,0.0,0.0,0.0,133566.98260000002,0.0,0.0,0.0,0.0,0.0,0.0,133602.092,0.0,0.0,133599.9896,0.0,0.0,0.0,0.0,0.0,0.0,0.0,0.0,0.0,0.0,0.0,0.0,133609.668,0.0,0.0,0.0,0.0,0.0,0.0,0.0,133610.7451,133609.3994,133623.16199999998,0.0,0.0,0.0,0.0,133525.6699,0.0,0.0,133601.6262,0.0,0.0,0.0,0.0,133592.8658,133613.70659999998,0.0,668467.651700001,3ac1d9275922
182,2022-01-03,0.0,0.0,136683.321,0.0,0.0,136662.2127,0.0,0.0,0.0,0.0,0.0,136687.6377,0.0,0.0,0.0,0.0,0.0,0.0,0.0,136689.6357,0.0,0.0,0.0,0.0,0.0,0.0,136660.1722,0.0,0.0,136699.2488,0.0,0.0,0.0,0.0,0.0,0.0,0.0,136653.1098,0.0,0.0,0.0,0.0,110654.937,0.0,0.0,136649.1576,0.0,136666.51789999998,0.0,0.0,136692.17859999998,136685.4723,110622.6885,0.0,0.0,0.0,0.0,136375.0047,0.0,0.0,136687.39200000002,0.0,0.0,0.0,0.0,110649.964,136682.8125,0.0,488769.1695000013,3ac1d9275922
183,2022-01-31,0.0,129532.5297,129514.162,129526.4416,0.0,129529.0994,0.0,0.0,0.0,0.0,0.0,129470.5311,0.0,0.0,0.0,0.0,0.0,0.0,0.0,0.0,0.0,0.0,0.0,129474.0878,0.0,0.0,129492.3834,0.0,0.0,129497.6394,0.0,0.0,0.0,0.0,0.0,0.0,0.0,129513.0574,0.0,0.0,0.0,0.0,129525.0462,0.0,0.0,0.0,0.0,0.0,0.0,0.0,129530.2032,129538.1616,104860.9374,129530.88,0.0,0.0,0.0,0.0,0.0,0.0,129520.2785,0.0,0.0,0.0,0.0,129513.87140000002,0.0,129520.8004,413533.2164000012,3ac1d9275922
184,2022-02-28,0.0,125121.2742,125150.185,125160.6377,0.0,125121.3192,0.0,0.0,0.0,0.0,0.0,125088.525,0.0,0.0,0.0,0.0,0.0,0.0,0.0,0.0,0.0,0.0,0.0,125160.6087,0.0,0.0,125176.3164,0.0,0.0,125179.0638,0.0,0.0,0.0,0.0,0.0,0.0,0.0,125136.072,0.0,0.0,0.0,0.0,125174.1468,0.0,0.0,0.0,0.0,125119.8918,0.0,0.0,125175.741,125176.2508,0.0,0.0,0.0,0.0,0.0,0.0,0.0,0.0,0.0,0.0,0.0,125166.6549,0.0,125162.45,125133.0784,125155.2784,375903.1283000009,3ac1d9275922
185,2022-03-28,0.0,130131.353,130116.4473,0.0,0.0,0.0,0.0,0.0,0.0,0.0,0.0,0.0,0.0,0.0,0.0,0.0,0.0,0.0,0.0,0.0,130109.1168,0.0,0.0,130053.392,0.0,0.0,130123.4574,0.0,0.0,0.0,0.0,0.0,0.0,0.0,0.0,0.0,0.0,130074.276,0.0,0.0,0.0,130117.9221,130124.6786,0.0,0.0,0.0,0.0,130093.8548,0.0,0.0,130138.9386,130126.4735,130131.1764,130134.365,0.0,0.0,0.0,129928.9719,0.0,0.0,0.0,0.0,0.0,0.0,0.0,130134.1041,130138.5204,130141.6424,390915.932800001,3ac1d9275922
186,2022-04-25,0.0,128334.342,0.0,0.0,0.0,128392.0638,0.0,0.0,0.0,0.0,0.0,0.0,0.0,0.0,0.0,0.0,0.0,0.0,128405.5776,0.0,128390.5609,0.0,0.0,128344.6332,0.0,0.0,0.0,0.0,0.0,0.0,0.0,128392.8888,0.0,0.0,0.0,0.0,0.0,128387.6505,0.0,0.0,128388.0206,0.0,128368.7584,128407.0792,0.0,0.0,0.0,128371.4056,0.0,0.0,128411.7471,128411.8952,128405.1895,0.0,0.0,0.0,0.0,0.0,0.0,0.0,0.0,0.0,0.0,0.0,0.0,0.0,128380.7574,128345.7465,513959.5711000012,3ac1d9275922
187,2022-05-23,0.0,124481.819,124533.2331,0.0,0.0,124501.104,0.0,0.0,0.0,0.0,0.0,0.0,0.0,0.0,0.0,0.0,0.0,0.0,124539.8736,0.0,124502.3731,0.0,0.0,124465.8142,0.0,0.0,0.0,0.0,0.0,124536.6408,0.0,124534.1994,0.0,0.0,124305.174,0.0,0.0,124465.6665,0.0,0.0,124529.9088,0.0,0.0,0.0,0.0,0.0,0.0,0.0,0.0,0.0,124530.2,0.0,0.0,124539.87,0.0,0.0,0.0,124406.5851,0.0,0.0,0.0,0.0,0.0,0.0,0.0,0.0,124498.4925,124524.7663,498829.1232000012,3ac1d9275922
188,2022-06-20,0.0,116621.3964,0.0,0.0,0.0,0.0,0.0,0.0,0.0,0.0,0.0,0.0,0.0,0.0,0.0,116562.4905,0.0,0.0,116616.9593,0.0,116586.729,0.0,0.0,116582.4096,0.0,0.0,0.0,0.0,0.0,0.0,0.0,116621.407,0.0,0.0,0.0,0.0,0.0,116610.7758,0.0,0.0,0.0,0.0,116601.5169,116617.074,0.0,0.0,0.0,0.0,0.0,0.0,116618.624,0.0,0.0,116613.03,0.0,0.0,0.0,116616.88,0.0,0.0,0.0,0.0,116502.0834,0.0,0.0,0.0,116594.7854,116569.0188,583415.0079000012,3ac1d9275922
189,2022-07-18,0.0,116050.1733,116083.6479,0.0,0.0,116105.0814,0.0,116069.37,0.0,0.0,0.0,0.0,0.0,0.0,0.0,116000.764,0.0,0.0,116089.176,0.0,116081.6898,0.0,0.0,116017.242,0.0,0.0,0.0,0.0,0.0,116061.0633,0.0,116086.9675,0.0,0.0,0.0,0.0,0.0,116055.9468,0.0,0.0,0.0,0.0,116070.7648,0.0,0.0,0.0,0.0,0.0,0.0,0.0,116097.6081,0.0,0.0,116100.65,0.0,0.0,0.0,0.0,0.0,0.0,0.0,0.0,0.0,0.0,0.0,0.0,116072.2825,0.0,580930.9437000009,3ac1d9275922
190,2022-08-15,0.0,127541.65,0.0,0.0,0.0,0.0,0.0,127532.8525,0.0,0.0,0.0,0.0,127490.166,0.0,0.0,127492.9054,0.0,0.0,0.0,0.0,127550.0865,0.0,0.0,127474.4448,0.0,0.0,0.0,127522.037,0.0,0.0,127382.3453,0.0,0.0,0.0,0.0,0.0,0.0,127524.909,0.0,0.0,0.0,0.0,0.0,0.0,0.0,0.0,0.0,0.0,0.0,0.0,0.0,0.0,0.0,0.0,0.0,0.0,0.0,0.0,0.0,0.0,0.0,0.0,0.0,127562.2194,0.0,0.0,0.0,127570.023,1148688.6558000003,3ac1d9275922
191,2022-09-12,0.0,128619.2375,128631.3476,0.0,0.0,0.0,0.0,128623.9493,0.0,0.0,0.0,0.0,0.0,0.0,0.0,128533.053,0.0,0.0,0.0,0.0,128612.8504,0.0,0.0,128563.4564,0.0,0.0,0.0,128601.78,0.0,0.0,128500.4436,0.0,0.0,0.0,0.0,0.0,0.0,128583.6192,0.0,0.0,0.0,0.0,0.0,0.0,0.0,0.0,0.0,0.0,0.0,0.0,0.0,0.0,0.0,0.0,0.0,0.0,0.0,0.0,0.0,0.0,0.0,0.0,0.0,128633.7996,0.0,0.0,0.0,128634.5302,1158286.5831000006,3ac1d9275922
192,2022-10-10,0.0,124731.933,124763.6608,124743.4122,0.0,0.0,0.0,124757.3072,0.0,0.0,0.0,0.0,0.0,0.0,0.0,124701.8584,0.0,0.0,0.0,124752.0,0.0,0.0,0.0,124761.3696,0.0,0.0,0.0,124758.6525,0.0,124728.6841,0.0,0.0,0.0,124753.4422,0.0,0.0,0.0,124766.959,0.0,0.0,124741.8674,0.0,0.0,0.0,0.0,0.0,0.0,0.0,0.0,0.0,0.0,0.0,0.0,0.0,0.0,0.0,0.0,0.0,0.0,0.0,124759.4072,0.0,0.0,124737.5325,0.0,0.0,0.0,0.0,748811.3967000004,3ac1d9275922
193,2022-11-07,0.0,138794.1434,138778.2828,0.0,0.0,0.0,0.0,138758.6452,0.0,0.0,138809.5292,0.0,138640.9713,0.0,0.0,138772.2986,0.0,0.0,0.0,138798.85,0.0,0.0,0.0,138726.2511,0.0,0.0,0.0,138793.91999999998,0.0,0.0,0.0,0.0,0.0,0.0,138543.63,0.0,0.0,138806.514,0.0,0.0,0.0,0.0,0.0,0.0,0.0,0.0,0.0,0.0,0.0,0.0,0.0,0.0,0.0,0.0,0.0,0.0,0.0,0.0,0.0,0.0,0.0,0.0,0.0,138813.125,0.0,0.0,0.0,138752.2908,972355.2822000004,3ac1d9275922
194,2022-12-05,0.0,138314.3304,138386.7261,138385.8756,0.0,0.0,0.0,138328.6899,0.0,0.0,0.0,0.0,0.0,0.0,0.0,138268.065,0.0,0.0,0.0,138332.85,0.0,0.0,0.0,138330.2767,0.0,0.0,0.0,138347.8368,0.0,138381.1344,138290.8114,0.0,0.0,0.0,0.0,0.0,0.0,138352.896,0.0,0.0,0.0,0.0,0.0,0.0,0.0,0.0,0.0,0.0,0.0,0.0,0.0,0.0,0.0,0.0,0.0,0.0,0.0,0.0,0.0,0.0,138391.7447,0.0,0.0,138378.6264,0.0,0.0,0.0,138342.566,830886.0901000006,3ac1d9275922
195,2023-01-02,0.0,137216.668,137261.6316,137224.53,0.0,0.0,0.0,137216.4486,0.0,0.0,0.0,0.0,0.0,0.0,0.0,137271.828,0.0,0.0,0.0,0.0,137254.8725,0.0,0.0,137202.8944,0.0,0.0,0.0,0.0,0.0,0.0,0.0,0.0,0.0,136913.0663,137031.2615,0.0,137194.04700000002,137233.9045,0.0,0.0,0.0,0.0,0.0,0.0,0.0,0.0,0.0,0.0,0.0,0.0,0.0,0.0,0.0,0.0,0.0,0.0,0.0,0.0,0.0,0.0,137264.9205,0.0,0.0,137235.7032,137246.7119,0.0,0.0,137176.1788,687372.1876000003,3ac1d9275922
196,2023-01-30,0.0,142823.0736,142850.439,0.0,0.0,0.0,0.0,142867.5588,0.0,0.0,0.0,0.0,0.0,0.0,0.0,142807.4394,0.0,0.0,0.0,0.0,0.0,0.0,0.0,142858.3343,0.0,0.0,0.0,142818.9765,0.0,142869.7647,0.0,0.0,0.0,142713.0978,142809.8228,0.0,142850.68709999998,142878.3591,0.0,0.0,0.0,0.0,0.0,0.0,0.0,0.0,0.0,0.0,0.0,0.0,0.0,0.0,0.0,0.0,0.0,0.0,0.0,0.0,0.0,0.0,142880.348,0.0,0.0,142872.16520000002,142843.5285,0.0,0.0,142858.54439999998,714947.6368000009,3ac1d9275922
197,2023-02-27,0.0,143740.3434,143791.22520000002,0.0,0.0,0.0,0.0,143739.1428,0.0,0.0,0.0,0.0,0.0,0.0,0.0,143692.812,0.0,0.0,0.0,0.0,0.0,0.0,0.0,143793.744,0.0,0.0,0.0,143742.708,0.0,143790.5858,0.0,0.0,0.0,143734.1253,143454.982,0.0,143659.7946,143715.5461,0.0,0.0,0.0,0.0,0.0,0.0,0.0,0.0,0.0,0.0,0.0,0.0,0.0,0.0,0.0,0.0,0.0,0.0,0.0,0.0,0.0,0.0,143791.1765,0.0,0.0,143791.834,143762.1199,0.0,0.0,143735.472,719930.2786000008,3ac1d9275922
198,2023-03-27,141659.6214,141665.4983,141639.2214,0.0,0.0,0.0,0.0,141632.0712,0.0,0.0,0.0,0.0,0.0,0.0,0.0,141629.44799999995,0.0,0.0,0.0,0.0,0.0,0.0,0.0,141654.1244,0.0,0.0,0.0,141611.283,0.0,141667.63,0.0,0.0,0.0,141488.92080000002,141612.2283,0.0,0.0,141647.4512,0.0,0.0,141647.141,0.0,0.0,0.0,0.0,0.0,0.0,0.0,0.0,0.0,0.0,0.0,0.0,0.0,0.0,0.0,0.0,0.0,0.0,0.0,141664.7427,0.0,0.0,141643.28519999998,141672.47400000002,0.0,0.0,141667.2825,567209.2129000011,3ac1d9275922
199,2023-04-24,0.0,145758.72079999998,145761.9955,145781.9676,0.0,0.0,0.0,145732.3315,0.0,0.0,0.0,0.0,0.0,0.0,0.0,145747.231,0.0,0.0,0.0,0.0,0.0,0.0,0.0,145774.86000000002,0.0,0.0,0.0,145744.7733,0.0,0.0,0.0,0.0,0.0,145514.084,145615.8936,0.0,0.0,145771.0755,0.0,0.0,0.0,0.0,0.0,0.0,0.0,0.0,0.0,0.0,0.0,0.0,0.0,0.0,0.0,0.0,0.0,0.0,0.0,0.0,0.0,0.0,145781.7206,0.0,0.0,145753.82189999998,0.0,0.0,0.0,145784.301,1021050.7342000008,3ac1d9275922
200,2023-05-22,0.0,144180.79020000002,144194.9348,144183.15050000002,0.0,0.0,0.0,144164.1588,0.0,0.0,0.0,0.0,144148.9595,0.0,0.0,144119.8392,0.0,0.0,0.0,0.0,0.0,0.0,0.0,144113.5544,0.0,0.0,0.0,144164.10400000002,0.0,0.0,0.0,0.0,0.0,143878.6902,0.0,0.0,0.0,144112.158,0.0,0.0,0.0,0.0,0.0,0.0,0.0,0.0,0.0,0.0,0.0,0.0,0.0,0.0,0.0,0.0,0.0,0.0,0.0,0.0,0.0,0.0,144200.2268,0.0,0.0,144186.9606,0.0,0.0,0.0,144165.554,1010256.5280000012,3ac1d9275922
201,2023-06-19,0.0,149080.06519999998,149085.11860000002,149120.84399999998,0.0,0.0,0.0,149020.2051,0.0,0.0,0.0,0.0,148974.4288,0.0,0.0,149096.4098,0.0,0.0,0.0,0.0,0.0,0.0,0.0,149121.4736,0.0,0.0,0.0,149092.4403,0.0,0.0,0.0,0.0,0.0,0.0,148819.7494,0.0,0.0,149074.36,0.0,0.0,0.0,0.0,0.0,0.0,0.0,0.0,0.0,0.0,0.0,0.0,0.0,0.0,0.0,0.0,0.0,0.0,0.0,0.0,0.0,0.0,149110.7216,0.0,0.0,149111.201,0.0,0.0,0.0,149076.8334,1044556.424000001,3ac1d9275922
202,2023-07-17,0.0,153440.2588,153459.97520000002,0.0,0.0,0.0,0.0,153465.07749999998,0.0,0.0,0.0,0.0,0.0,0.0,0.0,153389.8072,0.0,0.0,0.0,0.0,0.0,0.0,0.0,153378.38580000002,0.0,0.0,0.0,153478.94999999998,0.0,0.0,0.0,0.0,0.0,0.0,153262.9787,0.0,0.0,153436.1088,0.0,0.0,0.0,0.0,0.0,0.0,0.0,0.0,0.0,0.0,0.0,0.0,0.0,0.0,0.0,0.0,0.0,0.0,0.0,0.0,0.0,0.0,153464.60880000002,0.0,0.0,153464.95080000002,0.0,0.0,0.0,153453.9558,1381962.4113000012,3ac1d9275922
203,2023-08-14,0.0,162422.7542,162429.4458,162408.01710000003,0.0,0.0,161098.88,162433.8953,0.0,0.0,0.0,0.0,0.0,0.0,0.0,162371.67450000002,0.0,0.0,0.0,0.0,0.0,0.0,0.0,162433.446,0.0,0.0,0.0,162397.52,0.0,0.0,0.0,0.0,0.0,0.0,0.0,0.0,0.0,162368.1594,0.0,0.0,0.0,0.0,0.0,0.0,0.0,0.0,0.0,0.0,0.0,0.0,0.0,0.0,0.0,0.0,0.0,0.0,0.0,0.0,0.0,0.0,0.0,0.0,0.0,162454.199,0.0,0.0,0.0,162374.8086,1464075.217400001,3ac1d9275922
204,2023-09-11,0.0,163273.4133,163311.3235,0.0,0.0,0.0,0.0,163214.2156,0.0,0.0,0.0,0.0,0.0,0.0,0.0,163221.06,0.0,0.0,0.0,0.0,0.0,0.0,0.0,163203.0986,0.0,0.0,0.0,163287.2612,0.0,0.0,163004.4736,0.0,0.0,163209.457,163079.303,0.0,0.0,163274.4591,0.0,0.0,0.0,0.0,0.0,0.0,0.0,0.0,0.0,0.0,0.0,0.0,0.0,0.0,0.0,0.0,0.0,0.0,0.0,0.0,0.0,0.0,0.0,0.0,0.0,163288.8363,0.0,0.0,0.0,163313.45500000002,1307996.4945000014,3ac1d9275922
205,2023-10-09,0.0,161634.0341,161622.44280000002,0.0,0.0,0.0,0.0,161553.427,0.0,0.0,0.0,0.0,0.0,0.0,0.0,161530.5081,0.0,0.0,0.0,161597.955,0.0,0.0,0.0,161574.822,0.0,0.0,0.0,161616.82179999998,0.0,0.0,0.0,0.0,0.0,161612.6292,161294.6917,0.0,161415.2421,161584.00160000002,0.0,0.0,0.0,0.0,0.0,0.0,161545.8105,0.0,0.0,0.0,0.0,0.0,0.0,0.0,0.0,0.0,0.0,0.0,0.0,0.0,0.0,0.0,0.0,0.0,0.0,161617.6213,0.0,0.0,0.0,161631.98249999998,971217.7958000014,3ac1d9275922
206,2023-11-06,0.0,164686.8128,164694.8695,0.0,0.0,0.0,0.0,164631.95249999998,0.0,0.0,0.0,0.0,0.0,0.0,0.0,164599.7602,0.0,0.0,0.0,164663.0596,164706.37589999998,0.0,0.0,164639.241,0.0,0.0,0.0,164694.7816,0.0,0.0,0.0,0.0,0.0,164498.217,164687.8818,0.0,164504.07749999998,164708.24579999998,0.0,0.0,0.0,0.0,0.0,0.0,164679.1834,0.0,0.0,0.0,0.0,0.0,0.0,0.0,0.0,0.0,0.0,0.0,0.0,0.0,0.0,0.0,0.0,0.0,0.0,164681.23870000002,0.0,0.0,0.0,164674.7564,824705.5058000013,3ac1d9275922
207,2023-12-04,0.0,167201.25300000003,167224.4095,167215.4265,0.0,0.0,0.0,167142.5042,0.0,0.0,0.0,0.0,0.0,0.0,0.0,167201.3472,0.0,0.0,0.0,167208.21000000002,167181.21,0.0,0.0,167157.5246,0.0,0.0,0.0,167164.1356,0.0,0.0,0.0,0.0,0.0,167195.7518,0.0,0.0,167019.83320000002,167094.5185,0.0,0.0,0.0,0.0,0.0,0.0,167081.4106,0.0,0.0,0.0,0.0,0.0,0.0,0.0,0.0,0.0,0.0,0.0,0.0,0.0,0.0,0.0,0.0,0.0,0.0,167177.688,0.0,0.0,0.0,167140.032,836964.6171000013,3ac1d9275922
208,2024-01-01,0.0,170391.2709,170374.05,0.0,170398.6,0.0,0.0,170347.7564,170126.82,0.0,0.0,0.0,0.0,0.0,0.0,170393.31180000002,0.0,0.0,0.0,0.0,0.0,0.0,0.0,170348.6253,0.0,0.0,0.0,0.0,0.0,0.0,0.0,0.0,0.0,170275.5243,170102.9806,0.0,170333.8915,170402.12,0.0,0.0,0.0,0.0,0.0,0.0,170287.7624,0.0,0.0,0.0,0.0,0.0,0.0,0.0,0.0,0.0,170310.14,0.0,0.0,0.0,170175.66090000002,0.0,0.0,0.0,0.0,170415.268,170407.19999999998,0.0,0.0,170368.2702,512761.3471000008,3ac1d9275922
209,2024-01-29,0.0,173690.5086,173664.1536,0.0,173659.53,0.0,0.0,173598.0852,173580.54,0.0,0.0,0.0,0.0,0.0,0.0,173683.5984,0.0,0.0,0.0,0.0,0.0,0.0,0.0,173689.6596,0.0,0.0,0.0,0.0,0.0,0.0,0.0,0.0,0.0,173693.0,173430.504,0.0,0.0,173696.8749,0.0,0.0,173692.68420000002,0.0,0.0,0.0,173681.3377,0.0,0.0,0.0,0.0,0.0,0.0,0.0,0.0,0.0,173556.9554,0.0,0.0,0.0,173670.8186,0.0,0.0,0.0,0.0,173674.75199999998,173650.2948,0.0,0.0,173633.6102,521891.6595000015,3ac1d9275922
210,2024-02-26,0.0,180769.0703,180747.9555,180724.2916,180745.36,0.0,0.0,180710.982,180430.74,0.0,0.0,0.0,0.0,0.0,0.0,180769.8992,0.0,0.0,0.0,0.0,180750.8952,0.0,0.0,180616.2572,0.0,0.0,180738.743,0.0,0.0,0.0,0.0,0.0,0.0,180633.4152,0.0,0.0,0.0,180676.8348,0.0,0.0,180756.1968,0.0,0.0,0.0,180775.7624,0.0,0.0,0.0,0.0,0.0,0.0,0.0,0.0,0.0,180761.0132,0.0,0.0,0.0,180322.74,0.0,0.0,0.0,0.0,180761.301,180769.4562,0.0,0.0,180757.9548,182176.83160000108,3ac1d9275922
211,2024-03-25,0.0,189950.517,189961.07,189932.0456,189921.6,0.0,0.0,189899.395,189792.96,0.0,0.0,0.0,0.0,0.0,0.0,189879.7383,0.0,0.0,0.0,0.0,0.0,0.0,0.0,189812.7702,0.0,0.0,0.0,0.0,0.0,0.0,0.0,0.0,0.0,189644.6272,189559.3236,0.0,0.0,189836.0591,0.0,0.0,189958.6332,0.0,0.0,0.0,189931.1893,0.0,189883.6322,0.0,0.0,0.0,0.0,0.0,0.0,0.0,189951.6032,0.0,0.0,0.0,189767.532,0.0,0.0,189709.68,0.0,189909.2748,189931.2072,0.0,0.0,189890.8704,2066.9973000008613,3ac1d9275922
212,2024-04-22,0.0,189222.1305,0.0,189184.5822,0.0,0.0,0.0,189222.8476,188856.36,0.0,0.0,0.0,0.0,0.0,0.0,189215.8814,0.0,0.0,0.0,0.0,0.0,0.0,189203.51,189114.4832,0.0,0.0,0.0,189197.162,0.0,0.0,0.0,0.0,0.0,189025.92,188743.3989,0.0,0.0,189095.2725,0.0,0.0,189206.36,189196.1704,0.0,0.0,189212.352,0.0,0.0,0.0,0.0,0.0,0.0,0.0,0.0,0.0,189209.7048,0.0,0.0,0.0,189035.6358,0.0,0.0,0.0,0.0,0.0,189197.694,0.0,0.0,189193.661,379996.82820000127,3ac1d9275922
213,2024-05-20,0.0,190990.888,0.0,191008.0764,0.0,0.0,0.0,190938.033,190806.0,0.0,0.0,0.0,190796.0975,0.0,0.0,190952.2699,0.0,0.0,0.0,0.0,0.0,0.0,191014.2,190834.7175,0.0,0.0,0.0,190989.3076,0.0,0.0,0.0,0.0,0.0,190938.9047,190688.1889,0.0,0.0,190963.6322,0.0,0.0,0.0,0.0,0.0,0.0,190907.1083,0.0,0.0,0.0,0.0,0.0,0.0,0.0,0.0,0.0,191004.411,0.0,0.0,0.0,190623.818,0.0,0.0,0.0,0.0,0.0,190996.8195,0.0,0.0,190984.9638,574776.0194000006,3ac1d9275922
214,2024-06-17,0.0,190795.254,0.0,190758.984,0.0,0.0,188085.12,190761.7055,190625.76,0.0,0.0,0.0,0.0,0.0,0.0,190757.1456,0.0,0.0,0.0,0.0,190751.9194,0.0,190792.8,190731.78,0.0,0.0,0.0,190752.84,0.0,0.0,0.0,0.0,0.0,190658.2815,0.0,0.0,0.0,190711.8497,0.0,0.0,0.0,0.0,0.0,0.0,190728.8208,0.0,0.0,0.0,0.0,0.0,0.0,0.0,0.0,0.0,190758.4705,0.0,0.0,0.0,190475.5905,0.0,0.0,0.0,0.0,0.0,190787.7048,0.0,0.0,190738.321,576162.517500001,3ac1d9275922
215,2024-07-15,0.0,197441.9996,0.0,197361.6316,197402.85,0.0,197077.82,197434.26,0.0,0.0,0.0,0.0,0.0,0.0,0.0,197382.1132,0.0,0.0,0.0,0.0,0.0,0.0,197447.8,197257.068,0.0,0.0,0.0,197444.7036,0.0,197412.2905,0.0,0.0,0.0,197110.5695,0.0,0.0,0.0,0.0,0.0,0.0,0.0,0.0,0.0,0.0,197340.0572,0.0,0.0,0.0,0.0,0.0,0.0,0.0,0.0,0.0,197403.7716,0.0,0.0,0.0,197184.8016,0.0,0.0,0.0,0.0,0.0,0.0,0.0,0.0,197364.9021,988840.9822000008,3ac1d9275922
216,2024-08-12,0.0,197679.9244,0.0,197644.3567,197665.44,0.0,195213.2,197581.5296,0.0,0.0,0.0,0.0,197540.0664,0.0,0.0,197647.6788,0.0,0.0,0.0,0.0,197710.3284,0.0,197693.13,197615.7924,0.0,0.0,197711.1505,197696.52,0.0,0.0,0.0,0.0,0.0,0.0,0.0,0.0,0.0,0.0,0.0,0.0,0.0,0.0,0.0,0.0,197565.1317,0.0,0.0,0.0,0.0,0.0,0.0,0.0,0.0,0.0,197700.5356,0.0,0.0,0.0,0.0,0.0,0.0,0.0,0.0,0.0,0.0,0.0,0.0,197686.709,991798.9460000014,3ac1d9275922
217,2024-09-09,0.0,201632.1441,0.0,201672.438,201620.16,0.0,0.0,201536.938,0.0,0.0,0.0,0.0,201586.0301,0.0,0.0,201635.863,0.0,0.0,0.0,0.0,201660.2562,0.0,201682.06000000003,201674.655,0.0,0.0,201650.9387,201644.54,0.0,0.0,0.0,0.0,0.0,0.0,201500.9524,0.0,0.0,0.0,0.0,0.0,0.0,0.0,0.0,0.0,201615.9048,0.0,0.0,0.0,0.0,0.0,0.0,0.0,0.0,0.0,201561.3383,0.0,0.0,0.0,0.0,0.0,0.0,0.0,0.0,0.0,0.0,0.0,0.0,201669.0165,1009280.7511000014,3ac1d9275922
218,2024-10-07,0.0,215616.6355,0.0,215572.752,215523.0,0.0,0.0,215540.6375,215412.5,0.0,0.0,0.0,215308.281,0.0,0.0,215487.043,215572.5,0.0,0.0,215532.31000000003,0.0,0.0,215610.45,215489.4379,0.0,0.0,0.0,215593.5166,0.0,0.0,0.0,0.0,0.0,215133.17,215350.1952,0.0,215330.269,0.0,0.0,0.0,0.0,0.0,0.0,0.0,215578.0512,0.0,0.0,0.0,0.0,0.0,0.0,0.0,0.0,0.0,215415.9555,0.0,0.0,0.0,0.0,0.0,0.0,0.0,0.0,0.0,0.0,0.0,0.0,215545.6062,433594.632900002,3ac1d9275922
219,2024-11-04,0.0,221414.9996,0.0,221346.0911,221322.01,221300.1972,0.0,221396.074,221145.0,0.0,0.0,0.0,0.0,0.0,0.0,221281.9544,0.0,0.0,0.0,221322.64,0.0,0.0,221410.53,221312.64,0.0,0.0,0.0,221393.3372,0.0,0.0,0.0,0.0,0.0,221110.0216,221102.9883,0.0,220963.7628,0.0,0.0,0.0,0.0,0.0,0.0,0.0,221365.3824,221329.6233,0.0,0.0,0.0,0.0,0.0,0.0,0.0,0.0,0.0,0.0,221378.0172,0.0,221159.4699,0.0,0.0,0.0,0.0,0.0,0.0,0.0,0.0,221396.0244,223720.5121000018,3ac1d9275922
220,2024-12-02,0.0,248111.9832,0.0,247962.2375,0.0,0.0,0.0,247938.48,247734.27,0.0,0.0,0.0,0.0,0.0,0.0,248091.2288,0.0,0.0,0.0,247933.2,0.0,0.0,248097.89,247971.3482,0.0,0.0,0.0,248108.5635,0.0,0.0,247982.716,0.0,0.0,247863.4408,247883.5635,0.0,247793.742,0.0,0.0,0.0,248083.61760000003,0.0,0.0,0.0,247878.666,248059.2455,0.0,0.0,0.0,0.0,0.0,0.0,0.0,0.0,0.0,0.0,248078.2956,0.0,0.0,0.0,0.0,0.0,0.0,248073.0795,248076.6412,0.0,0.0,248096.6644,2267.48040000163,3ac1d9275922
221,2024-12-30,0.0,234697.3937,234652.3788,234668.133,0.0,0.0,0.0,234683.4318,234671.04,0.0,0.0,0.0,0.0,0.0,0.0,234660.331,0.0,0.0,0.0,234566.4,0.0,0.0,234686.8,234653.2448,0.0,0.0,0.0,234609.7992,0.0,0.0,0.0,0.0,0.0,234456.2386,234533.5314,0.0,234373.1654,0.0,0.0,0.0,0.0,0.0,0.0,0.0,234637.6424,234673.1919,0.0,0.0,0.0,0.0,0.0,0.0,0.0,0.0,0.0,0.0,234657.6904,0.0,234575.244,0.0,0.0,0.0,0.0,0.0,0.0,0.0,0.0,234603.026,470751.0355000012,3ac1d9275922
222,2025-01-27,0.0,244790.5024,0.0,244759.91600000003,0.0,0.0,0.0,244665.8446,244470.5,0.0,0.0,0.0,0.0,0.0,0.0,244789.9825,0.0,0.0,0.0,0.0,0.0,0.0,244787.67,244659.87250000003,0.0,0.0,0.0,244786.382,0.0,0.0,244243.4904,0.0,0.0,244799.034,244765.0381,0.0,244494.396,0.0,0.0,0.0,244770.405,0.0,0.0,0.0,244756.8288,0.0,0.0,0.0,0.0,0.0,0.0,0.0,244789.9848,0.0,244759.08,0.0,0.0,0.0,244759.4925,0.0,0.0,244577.88,0.0,0.0,244785.3727,0.0,0.0,244702.2198,1912.5065000010652,3ac1d9275922
223,2025-02-24,0.0,251474.1669,251449.6738,251372.7414,0.0,0.0,0.0,251421.7461,0.0,0.0,0.0,0.0,0.0,0.0,0.0,251414.7584,0.0,0.0,0.0,0.0,0.0,0.0,251481.49,251479.7776,0.0,0.0,0.0,251424.5705,0.0,251493.9537,251082.8257,0.0,0.0,251411.4,251330.7372,0.0,250878.4577,0.0,0.0,0.0,251480.5182,0.0,0.0,0.0,251314.422,0.0,0.0,0.0,0.0,0.0,0.0,0.0,251501.6112,0.0,251449.4532,0.0,0.0,0.0,251187.4174,0.0,0.0,0.0,0.0,0.0,251464.0,0.0,0.0,251507.5444,2502.7064000014216,3ac1d9275922
224,2025-03-24,0.0,251639.4144,0.0,251542.9089,0.0,0.0,0.0,251642.6414,0.0,0.0,0.0,251641.5608,0.0,0.0,0.0,251556.3648,0.0,0.0,0.0,0.0,0.0,0.0,251667.84,251556.3045,0.0,0.0,0.0,251620.468,0.0,251637.15,251344.35720000003,0.0,0.0,251494.254,251456.96260000003,0.0,251088.5971,0.0,0.0,0.0,251647.3373,0.0,0.0,0.0,251548.446,0.0,0.0,0.0,0.0,0.0,0.0,0.0,251677.5496,0.0,251554.4824,0.0,0.0,0.0,251669.835,0.0,0.0,0.0,0.0,0.0,251668.802,0.0,0.0,251671.2432,2179.7685000011697,3ac1d9275922
225,2025-04-21,0.0,229749.6136,0.0,229758.75,0.0,0.0,0.0,229706.2504,229634.76,0.0,0.0,0.0,0.0,0.0,0.0,229708.1245,0.0,0.0,0.0,0.0,0.0,0.0,229733.45,229711.55690000005,0.0,0.0,0.0,229678.828,0.0,229726.412,229199.8392,0.0,0.0,0.0,0.0,0.0,229497.5325,229757.4532,0.0,229516.1904,0.0,0.0,0.0,0.0,229633.715,0.0,0.0,0.0,0.0,0.0,0.0,0.0,0.0,0.0,0.0,0.0,0.0,0.0,229584.297,0.0,0.0,0.0,0.0,0.0,229713.5904,0.0,0.0,229672.8775,691067.0716000008,3ac1d9275922
226,2025-05-19,0.0,254621.9802,0.0,254569.4256,0.0,0.0,0.0,254472.6896,254145.44,0.0,0.0,254549.90190000003,0.0,0.0,0.0,254598.2894,0.0,0.0,0.0,0.0,0.0,0.0,254598.93,254606.556,0.0,0.0,0.0,254596.4048,0.0,0.0,254464.665,0.0,0.0,0.0,0.0,0.0,254098.4036,254497.725,0.0,0.0,0.0,0.0,0.0,0.0,254430.27,0.0,0.0,0.0,0.0,0.0,0.0,0.0,0.0,0.0,0.0,0.0,0.0,0.0,254383.79040000003,0.0,0.0,0.0,0.0,0.0,254586.5232,0.0,0.0,254613.0663,1020511.5967000006,3ac1d9275922
227,2025-06-16,0.0,258500.1102,0.0,258465.09,0.0,0.0,0.0,258543.7771,258351.21,0.0,0.0,0.0,0.0,0.0,0.0,258417.2745,0.0,0.0,0.0,0.0,0.0,0.0,258516.0,258478.3638,0.0,0.0,0.0,258441.702,0.0,0.0,0.0,0.0,0.0,0.0,0.0,0.0,0.0,258455.3646,0.0,0.0,258518.09,0.0,0.0,0.0,258446.1667,0.0,0.0,0.0,0.0,0.0,0.0,0.0,0.0,0.0,258492.9186,0.0,0.0,0.0,258254.03620000003,0.0,0.0,0.0,0.0,0.0,258535.2952,0.0,0.0,258449.946,1293911.1256000004,3ac1d9275922
228,2025-07-14,0.0,262029.616,0.0,0.0,0.0,0.0,0.0,261840.615,0.0,0.0,0.0,0.0,0.0,0.0,0.0,262046.408,0.0,0.0,0.0,261985.94,0.0,0.0,262039.42,262019.0734,0.0,0.0,0.0,262039.6843,0.0,0.0,0.0,0.0,0.0,261768.192,261841.0678,0.0,0.0,261968.043,0.0,0.0,0.0,0.0,0.0,0.0,261894.2886,0.0,0.0,262023.1854,0.0,0.0,0.0,0.0,0.0,0.0,0.0,0.0,0.0,0.0,0.0,0.0,0.0,0.0,0.0,0.0,262005.5664,0.0,0.0,261981.0214,1573497.3770000013,3ac1d9275922
229,2025-08-11,0.0,256439.0043,0.0,0.0,0.0,0.0,0.0,256393.3312,0.0,0.0,0.0,0.0,0.0,0.0,0.0,0.0,0.0,0.0,0.0,256399.44,0.0,0.0,256445.55,256458.8544,0.0,0.0,0.0,256457.11,0.0,0.0,0.0,0.0,0.0,256087.6156,256241.5508,0.0,0.0,256381.059,0.0,0.0,256440.4032,0.0,0.0,0.0,256267.5678,0.0,0.0,0.0,0.0,0.0,0.0,0.0,256438.1457,0.0,0.0,0.0,0.0,0.0,0.0,0.0,0.0,0.0,0.0,0.0,0.0,0.0,0.0,256386.8827,1796446.2011000002,3ac1d9275922
230,2025-09-08,0.0,265319.5244,0.0,265273.3278,0.0,0.0,0.0,265340.374,0.0,0.0,0.0,0.0,0.0,0.0,0.0,265298.7124,0.0,0.0,0.0,265272.88,0.0,0.0,265337.6,265233.5799,0.0,0.0,0.0,265329.3534,0.0,0.0,0.0,0.0,0.0,265158.153,0.0,0.0,0.0,265307.9007,0.0,0.0,0.0,0.0,265255.2,0.0,265232.198,0.0,0.0,0.0,0.0,0.0,0.0,0.0,0.0,0.0,0.0,0.0,0.0,0.0,0.0,0.0,0.0,0.0,0.0,0.0,0.0,0.0,0.0,265356.9545,1858314.6304,3ac1d9275922
231,2025-10-06,0.0,266634.7362,0.0,266592.3078,0.0,0.0,0.0,266622.0505,0.0,0.0,0.0,0.0,0.0,0.0,0.0,0.0,266651.7,0.0,0.0,266630.52,0.0,0.0,266666.65,266579.3811,0.0,0.0,0.0,266581.4976,0.0,0.0,0.0,0.0,0.0,266537.04,266394.636,0.0,0.0,266502.10730000003,0.0,0.0,266666.7852,0.0,0.0,0.0,266477.3442,0.0,0.0,0.0,0.0,0.0,0.0,0.0,0.0,0.0,0.0,0.0,0.0,0.0,0.0,0.0,0.0,266316.9,0.0,0.0,0.0,0.0,0.0,266643.13420000003,1335038.7732000002,3ac1d9275922
232,2025-11-03,0.0,260461.8084,0.0,260437.1166,0.0,0.0,0.0,260494.78,0.0,0.0,0.0,260395.6992,0.0,0.0,0.0,0.0,0.0,0.0,0.0,260476.32,0.0,260468.8746,260482.64,260390.1166,0.0,0.0,0.0,260419.32,0.0,0.0,0.0,0.0,0.0,260131.284,0.0,0.0,260387.8868,260517.86880000003,0.0,0.0,0.0,0.0,0.0,0.0,260352.28,0.0,0.0,0.0,0.0,0.0,0.0,0.0,260487.5625,0.0,0.0,0.0,0.0,0.0,0.0,0.0,0.0,0.0,0.0,0.0,0.0,0.0,0.0,260462.5425,1303897.6923999996,3ac1d9275922
233,2025-12-01,0.0,268140.42720000003,0.0,268122.9195,0.0,0.0,0.0,268119.3792,0.0,0.0,0.0,268070.9158,0.0,0.0,0.0,0.0,0.0,0.0,0.0,268146.28,0.0,0.0,268180.25,268085.8367,0.0,0.0,0.0,268108.8561,0.0,0.0,0.0,0.0,0.0,267812.0375,0.0,0.0,268076.19999999995,268152.4506,0.0,0.0,0.0,0.0,0.0,0.0,268057.2064,0.0,0.0,0.0,0.0,0.0,0.0,0.0,268178.6688,0.0,0.0,0.0,0.0,0.0,0.0,0.0,0.0,268128.0,0.0,0.0,0.0,0.0,0.0,268094.9492,1342244.9049,3ac1d9275922
234,2025-12-29,0.0,273956.3145,0.0,273834.5703,0.0,0.0,0.0,273835.9858,0.0,0.0,0.0,273878.9922,0.0,0.0,0.0,0.0,0.0,0.0,0.0,273898.11,0.0,0.0,273944.06,273959.756,0.0,0.0,273960.9033,273871.143,0.0,0.0,0.0,0.0,0.0,273790.8973,0.0,0.0,273780.624,273965.8086,0.0,0.0,0.0,0.0,0.0,0.0,273808.4175,0.0,0.0,0.0,0.0,0.0,0.0,0.0,273943.65040000004,0.0,0.0,0.0,0.0,0.0,0.0,0.0,0.0,0.0,0.0,0.0,0.0,0.0,0.0,273946.5872,1371084.7128,3ac1d9275922
235,2026-01-26,0.0,0.0,0.0,0.0,0.0,0.0,276380.19,278834.2416,0.0,0.0,0.0,0.0,0.0,0.0,0.0,0.0,0.0,0.0,0.0,0.0,0.0,0.0,0.0,0.0,0.0,0.0,0.0,0.0,0.0,0.0,0.0,0.0,0.0,0.0,0.0,0.0,0.0,0.0,0.0,0.0,0.0,0.0,0.0,0.0,278991.6008,0.0,0.0,0.0,0.0,0.0,0.0,0.0,0.0,0.0,0.0,0.0,0.0,0.0,0.0,0.0,0.0,0.0,0.0,0.0,0.0,0.0,0.0,0.0,4745705.3157,3ac1d9275922
236,2026-02-23,0.0,0.0,0.0,0.0,0.0,0.0,0.0,275439.2664,0.0,0.0,0.0,0.0,0.0,0.0,0.0,0.0,0.0,0.0,0.0,0.0,0.0,0.0,0.0,0.0,0.0,0.0,0.0,0.0,0.0,0.0,0.0,0.0,0.0,0.0,0.0,0.0,0.0,0.0,0.0,0.0,0.0,0.0,0.0,0.0,275450.0991,0.0,0.0,0.0,0.0,0.0,0.0,0.0,0.0,0.0,0.0,0.0,0.0,0.0,0.0,0.0,0.0,0.0,0.0,0.0,0.0,0.0,0.0,0.0,4958865.062,3ac1d9275922
237,2026-03-23,0.0,0.0,0.0,277450.4,0.0,0.0,274965.68,277349.5132,0.0,0.0,0.0,277420.95,0.0,0.0,0.0,0.0,277481.57,0.0,0.0,277434.60000000003,0.0,0.0,277488.41,0.0,0.0,0.0,0.0,277426.8,0.0,0.0,0.0,0.0,0.0,0.0,0.0,0.0,277263.54,0.0,0.0,0.0,0.0,0.0,0.0,0.0,277356.7467,277429.99,0.0,0.0,0.0,0.0,0.0,0.0,0.0,0.0,0.0,0.0,0.0,0.0,0.0,0.0,0.0,0.0,0.0,0.0,0.0,0.0,0.0,0.0,2500655.6716000005,3ac1d9275922
