dollar_ret_1p,dollar_ret_6p,dollar_ret_13p,dollar_ret_26p,avg_eps_1q,avg_eps_2q,avg_eps_4q,avg_eps_8q
0.5221155659774964,0.22349452148268079,0.04447086058935169,0.001844533252699741,9.979558635666188e-05,3.4925655952663804e-05,0.0004760256279863627,0.011959324326504185
0.46327295919179734,0.10876056186904805,0.009334005343603015,8.121346705065132e-05,9.027541519424277e-07,4.3722704322252204e-07,1.1413040210607807e-05,0.0010517070692219463
0.5208942600073372,0.2203167558759465,0.043109499643437105,0.001733237185926144,9.0860845868366e-05,3.200545224796425e-05,0.0004419138798916667,0.011393830996152418
0.47492213095293817,0.1262405369591542,0.012891817351540406,0.00015492559732341944,2.3888087796483415e-06,1.0817858639984873e-06,2.468768808718351e-05,0.001738855301790729
0.4898122295500878,0.15195049492486837,0.019264242068165068,0.0003459479348854091,8.013863213538805e-06,3.3381747090994913e-06,6.445589236414322e-05,0.0032499339455509687
0.5048282404420599,0.18222059035266744,0.02855887498570239,0.0007603811197713501,2.6252555994230154e-05,1.0075279760912076e-05,0.00016513816095933248,0.005999746294719049
0.4420766584382468,0.08211610876628292,0.005077381118013554,2.403090418635704e-05,1.4413200085691376e-07,7.923375824410604e-08,2.6645828322925324e-06,0.00040754160091147345
0.47139032375929196,0.12070973104041487,0.011699218814272301,0.00012758728679459545,1.7829767335494748e-06,8.239034183869103e-07,1.9577482787347744e-05,0.0014949364315559978
0.518610821052841,0.21449143601178378,0.04067373058959915,0.0015427733626159883,7.624074507152348e-05,2.7182983758695804e-05,0.0003845354664415649,0.010406860593750093
0.45317995547268103,0.09529476935858647,0.0070096300523711675,4.580165715511004e-05,3.8088371228431463e-07,1.9579646514965628e-07,5.757699920926751e-06,0.0006733520224825637
0.4493482402094284,0.09056121228225963,0.006277018346600379,3.672802721022742e-05,2.7310425452643834e-07,1.4365303631143847e-07,4.422896601206171e-06,0.0005670162725617238
0.4655483554556801,0.11200575505813905,0.009947968722087084,9.224888972199815e-05,1.0937996178197432e-06,5.227806002224224e-07,1.3289301149729856e-05,0.0011613744999617566
0.38732175208189146,0.037142664618382136,0.0009101291175968615,7.721405810288895e-07,8.113493006700045e-10,6.37776206144638e-10,4.3853927520836883e-08,2.804100925995566e-05
0.42434035596535297,0.06422852473285161,0.0029816407599925284,8.287070498057101e-06,2.898197361621066e-08,1.7798105388208304e-08,7.469382454300897e-07,0.0001779144925504574
0.4918299303641937,0.1557505732548676,0.02032350218292206,0.0003850411066031596,9.416676163389e-06,3.879072220954969e-06,7.324999745781279e-05,0.0035324164121123347
0.4803383255603838,0.13513305916006035,0.014940668848525898,0.000208083540205377,3.7256982227800134e-06,1.6362163863138912e-06,3.511770710959361e-05,0.0021877705132628106
0.5062717570371488,0.18538533084425188,0.029645038174758723,0.0008193334295363207,2.937888844623437e-05,1.1187853618145165e-05,0.00018054642545656501,0.006358840263007294
0.5577730181842494,0.38190684211840126,0.14667823205906255,0.020633639250026058,0.003848250734680067,0.0010446037922261248,0.008565394317809944,0.07788317892756931
0.06573645575655074,0.08936292576038533,0.08965143108438006,0.07502057716989927,0.08523029782288195,0.015965122993264497,0.062337313576160014,0.12852999566984796
0.0981074747778904,0.12609367331260835,0.11694705528997411,0.08458176398235305,0.08289172107389663,0.0160053757231879,0.06640405420386038,0.15458125251354102
0.03388917242627097,0.050285087565633456,0.05702654656185565,0.05991986752748547,0.08573768125262961,0.015317250608134573,0.054402426958613415,0.092810683389201
0.15853627119666364,0.18933134621977632,0.15843906662623297,0.09467094281435708,0.07645636718356894,0.015361084490836936,0.06900135272717214,0.188292855509105
0.1492381775726221,0.17998203976349994,0.1526955603837943,0.09359329648441353,0.07756270531795466,0.0155009893141528,0.0688956246769161,0.184060617979431
0.18226340407418526,0.21262226721972607,0.1721829065579708,0.09679757111863296,0.07349008900818643,0.01495360585826276,0.06889687602682813,0.19779327190704424
0.036685792115640097,0.05387949622011503,0.06023206010745583,0.06162326056154085,0.08582515080661034,0.015418144670390556,0.055371525335389186,0.0965828489864936
0.008724624240926886,0.015356512147558692,0.022118980285141494,0.03623219599889491,0.08130165312327027,0.01324312968502579,0.039101411214158124,0.04609998823140943
0.003368513123893136,0.006667431112154776,0.011318666492648616,0.025156971410675775,0.0769062433766744,0.011756563383476266,0.03057294404522573,0.02796119884618551
0.024169665479825665,0.03744781990760854,0.04511834021881551,0.05304797180878582,0.08506320560500728,0.014845466617736487,0.05031730319976189,0.07817522634684196
0.007278001446077366,0.013100962249222796,0.01947237798734339,0.033813184227797506,0.08049441356194001,0.012953458621567774,0.037328886347618495,0.04192454899144961
0.00383289616476617,0.00746708197522529,0.012397457993213637,0.02644021753307658,0.07751732246188711,0.011952200942969783,0.03162025878753619,0.029929900345816753
0.04131169777348438,0.05974327080091605,0.06535813389782058,0.06423495862474153,0.0858942075565939,0.015560040833472332,0.056822944023472474,0.10248363264760396
0.4938968283509871,0.4309003128670435,0.2323388983230527,0.0613702288607331,0.021672792277351218,0.005160331948583316,0.03255535756229863,0.17523341030697798
0.3235133824825452,0.3352042790540437,0.22993341748550958,0.09497240000241484,0.05275938388904155,0.011446409254245673,0.059955311909940426,0.22245862253052662
0.19654231105174105,0.2262592749126808,0.1798561000135212,0.09768465932730801,0.07161731685066652,0.014677437992387798,0.06860155487665688,0.20267778622419605
0.5443236543787887,0.4211968442170658,0.1919872930640657,0.03712063162748961,0.009555978005669135,0.0024278735050485313,0.01744002779888783,0.12170101207968506
0.4676936307335272,0.4230631202169507,0.23995769475404202,0.06963036365304436,0.027047533911690177,0.006315336496363467,0.03831364120583738,0.19070938912563012
0.4716893957404566,0.4245331132086522,0.23909887163300633,0.06847815428106573,0.02624918513133111,0.006145656627612988,0.03748802072739734,0.1886451890037538
0.30619014854650295,0.3217046006830084,0.22501841886602342,0.09636962073736405,0.055536518641294254,0.011958491207542804,0.061700850427530846,0.22213932901546898
0.008929803815461967,0.015672440944261682,0.022483171404653644,0.03655393912129719,0.08140341797498132,0.013280384310888212,0.03933380282568839,0.04666392938333397
0.002350412185173119,0.0048625011143421555,0.008781525901602536,0.021894805640327974,0.0751998526663584,0.011224134119293665,0.027825556043853374,0.02312760401752389
0.002123304140367983,0.004447779258296827,0.008174006271713795,0.021051640479620336,0.07471868424719695,0.011077349986182396,0.027093710712259435,0.021919896356220745
0.011851956447257159,0.02008224247082247,0.027425309982202314,0.04069297946228805,0.08260198154346768,0.013734710684554504,0.04225682899579198,0.05409491758017618
0.01709497055498524,0.0276698381141825,0.03544120661007931,0.04668510154136276,0.08399678631365395,0.014316836766529284,0.04628445644444702,0.06542084353106171
0.01076578066385451,0.018461246277477493,0.025637225008827248,0.03924113989762243,0.08220440018777664,0.013580476340264784,0.04124527168588523,0.0514514101795519
0.07592518348865337,0.10118905021946954,0.09873896533449882,0.07847708120669486,0.08462324004157036,0.016022178676617142,0.06391528081391681,0.13755479870583137
0.13075009958569214,0.16100048350424076,0.14062894164062528,0.09098848479622276,0.07965277231867922,0.015740545036787443,0.06840325925931418,0.17470109872227524
0.3059141385404304,0.321485737970979,0.22493500816492656,0.09638933920161093,0.055580276349171905,0.011966480987643252,0.0617272956495616,0.22212816236733654
0.5004451511289988,0.17289572616675228,0.02548540001581146,0.0006054997835441456,1.862635149885918e-05,7.319891492509004e-06,0.00012579912773458496,0.005024911135283132
0.4868481339456072,0.14650986156186876,0.017800731965801262,0.0002953785102945209,6.315900489082589e-06,2.674495894002634e-06,5.3367214743101345e-05,0.0028737204865960796
0.5093019764876233,0.19218531497138908,0.032053192271582945,0.0009578956424524947,3.717774942174379e-05,1.3929449403849227e-05,0.00021759802400875912,0.0071812777495951705
0.5062424547723954,0.18532061661060573,0.029622608187766644,0.0008180937485567337,2.9311935641388163e-05,1.1164115851666185e-05,0.00018022012867119404,0.006351349329890703
0.5180522504595881,0.21308882144139346,0.04009875849221307,0.0014994352733508234,7.30363303259658e-05,2.6117823969270598e-05,0.0003716656045868009,0.010178596930835743
0.5204730915301119,0.21923106859677421,0.04264967863808816,0.0016964303084501073,8.796864906249523e-05,3.1056004267766115e-05,0.0004307250961710229,0.011205059249860393
0.5319746999157842,0.25092814414750364,0.05719781579683734,0.0030535258771411922,0.00021335232370297197,7.084789396703746e-05,0.0008693714393817597,0.017703820556261598
0.541719330887625,0.28210359867917323,0.07385925993390995,0.005099932674249244,0.00046247214823501293,0.00014556908717564484,0.001604928164489909,0.026383551813769942
0.5578926474286017,0.3790348159939758,0.1440015845979575,0.01985233576203774,0.0036275764743821937,0.0009888455618809093,0.00817657719230599,0.07560708056758844
0.534007648181648,0.2570385922295093,0.06027508740765542,0.0033917232315920057,0.0002499660422690061,8.210217689274211e-05,0.0009856467120179877,0.01921141133084159
0.48267023453948676,0.13911997000910317,0.01591227705258023,0.00023602823128328966,4.504662347927733e-06,1.952551401101919e-06,4.082274725867792e-05,0.002413273346503903
0.49016225401234176,0.15260405488800338,0.01944424486555659,0.00035244354006680624,8.24165047692835e-06,3.4264225024521835e-06,6.59042837335909e-05,0.0032973411979463174
0.48690670089064136,0.14661575196508117,0.017828622132094213,0.0002963048770334985,6.3457684727863365e-06,2.6862684691548832e-06,5.356721732844276e-05,0.0028807343657100103
0.5267696913435205,0.23602753778238386,0.05006677835071374,0.0023385621051597596,0.00014270824815889536,4.8724771173394894e-05,0.000632077838105882,0.01438523154037232
0.5282454569935531,0.2401512512602875,0.0519878533723236,0.0025217372334000172,0.00015988844095079385,5.4163434569617484e-05,0.0006916776458462743,0.015254697907632474
0.516385862858007,0.2089550836420225,0.03843008041835945,0.001377164998130599,6.424938163088657e-05,2.317992590777914e-05,0.00033575115444255533,0.009526497104648425
0.5001829142986567,0.1723510851526616,0.025311715170712866,0.0005972736358670046,1.8246384286108114e-05,7.180781448208244e-06,0.00012376013678074593,0.0049716861750575825
0.5074963664185463,0.1881075915936584,0.03059689658492105,0.0008728075844953635,3.231532648093295e-05,1.2225398951169549e-05,0.00019471137053971575,0.006679633640789179
0.5393086615975026,0.2739000209527047,0.06923997763999336,0.004479498451385393,0.00038026539521548856,0.00012132638360285567,0.0013743945845867641,0.023852207746948045
0.5567407751595373,0.3535590995075256,0.12220892375897845,0.014135677268414594,0.0021620999316389155,0.0006112892868668556,0.005437610761043828,0.0581882857282227
0.5506256989883506,0.31714054008990394,0.0956122360299858,0.008579293864126905,0.0010145337104686362,0.00030239833940754726,0.0029896787880076426,0.03952023963064113
0.5476333811964618,0.3042572103460815,0.08721688006355953,0.0071262883065049245,0.0007664104475867409,0.00023293592189037147,0.002394450477632278,0.034217590550502434
0.5286049935341888,0.24116754240222285,0.05246743195229085,0.002568549193796763,0.0001643836162735414,5.5579606097555585e-05,0.000707047549850121,0.015474610221529666
0.5579504223722631,0.37627227082682024,0.14147502356370512,0.0191314229998666,0.003428181768433084,0.0009382497617504332,0.007820724640093596,0.0734867164374414
0.518918848857416,0.43270585398201444,0.21899376018787825,0.05142623314347278,0.016120507595506203,0.003933406491651514,0.026059636530297976,0.15469354236847785
0.06359523826437655,0.08684234612894054,0.087673751837757,0.07422974845014066,0.08533840814508221,0.015946481129726235,0.06196191096930677,0.12651716930344623
0.024956460723053003,0.038509806722950866,0.04613423636584469,0.05367145405500001,0.08514506400592627,0.014892502042335777,0.0506994608497039,0.07946565530340373
0.01589139348014038,0.02595833850588261,0.03367798360917009,0.04543130140176738,0.08373683062553737,0.014202013530931399,0.04546068930567535,0.06299600201290474
0.11482471118896213,0.14420630624960265,0.12948546348168988,0.08818575997768861,0.08131584240813652,0.015898708387029812,0.06763235161732535,0.16551774493034688
0.015433257990500444,0.02530252435768576,0.03299596973373237,0.04493734795404374,0.08362985133367046,0.014155785319993779,0.04513345103174593,0.06204866957865759
0.007296219254852581,0.013129696616290914,0.01950664350981867,0.03384547357533077,0.08050569168159584,0.012957439809624468,0.03735284773785448,0.041979526447857116
0.0022328439077395302,0.004648457947072439,0.008469309062267349,0.021464942126653484,0.0749567838733848,0.011149810749989155,0.027453637064404936,0.022509686939782357
0.12184810619409628,0.15166570329917314,0.13449054028687246,0.08949121966837748,0.08059981006408126,0.01583505498797838,0.06801582641620771,0.16970536376565798
0.026446042267785616,0.04050833112715654,0.048029691353416094,0.054814776898051865,0.08528460340560819,0.01497656661751162,0.05139428257384422,0.08185113040651522
0.08314482330009497,0.10941383974074818,0.10488477167375906,0.08065644620327858,0.08411384017736663,0.016035411941756682,0.06485220253387797,0.14345600470635453
0.09035700204939924,0.11751260722050269,0.11080630826243264,0.08264064580371491,0.08355021392489942,0.016029746058522677,0.06566048453224432,0.1489922737091673
0.10904959645355385,0.13800763042663616,0.1252570171876969,0.08702376917032452,0.08188196886846683,0.015943132439131345,0.06726105829458974,0.16190063947483846
0.14787548009896667,0.1786009854214167,0.15183605885512516,0.09342287497799165,0.07772191820621863,0.015520461689734907,0.06887255202502215,0.18341465695154044
0.4717056778414351,0.4245389264388698,0.2390951747616828,0.06847338790888095,0.026245918029024352,0.006144960927834307,0.03748462148612325,0.18863658283068896
0.5278703021786691,0.4310244392855389,0.2118237944867973,0.04709981539682902,0.013969760421815827,0.003447556784202664,0.02336553107912888,0.1451472782538802
0.45798209681754387,0.41915462114776547,0.24166771418438948,0.07229294770138511,0.02896104482412116,0.006719456249131373,0.040252534290164024,0.19535125592252142
0.5432894161223916,0.28766965440558684,0.07709217467359897,0.005558580819742314,0.0005266589730664734,0.0001642869643405783,0.0017789741082689932,0.02821028377813578
0.5524799096776618,0.4082972535493459,0.17450534350176344,0.029938840589096165,0.0068278936807270795,0.0017784369457968304,0.013426450173631055,0.10349311348172192
0.5444657218639508,0.2919730190584382,0.07964748826804058,0.005935401143844379,0.0005814746214439793,0.00018014587444728473,0.0019241136539724219,0.029685769146874003
0.5042195588177644,0.18090025196418544,0.028112195491469774,0.0007367764763482353,2.503430646166654e-05,9.639311412931717e-06,0.0001590326123301928,0.005854251008389497
0.4781633108210562,0.1315010914717892,0.014084194809395826,0.00018491001457514455,3.118528054517573e-06,1.386490027276431e-06,3.0497920519242303e-05,0.0019956389301354935
0.5253829590747873,0.23222032743208393,0.04832840916045016,0.0021787925485201604,0.00012827005201067394,4.411912637892683e-05,0.0005808305614901692,0.013614426541589578
0.5085633092179611,0.19050783579464342,0.0314496709067427,0.0009221525344555167,3.510729822765264e-05,1.3205861458606958e-05,0.00020793360447371567,0.0069718069869762886
0.527760049072073,0.2387864775577761,0.0513476472687228,0.002459921479185787,0.0001540172465201196,5.230959219996693e-05,0.0006714668578441208,0.014962902956724896
0.5466580536927101,0.30035244380439274,0.08476587941499718,0.006728395184309758,0.0007026995355596807,0.00021486234061590288,0.0022354289082664692,0.0327240288294971
0.5510532256449312,0.3191225601492542,0.09694722103142,0.008823319105772488,0.0010584917865304644,0.00031457135874823824,0.0030917319813427947,0.04038982222080866
0.5479568159573843,0.30557988259961394,0.08805679447256644,0.007265359516709722,0.0007891196981073347,0.0002393523138696023,0.002450453188194898,0.03473511601280441
0.5003318485664087,0.1726602268887548,0.025410221133969887,0.0006019322138624555,1.8461241396913945e-05,7.259467237661341e-06,0.00012491417819382678,0.005001847989296845
0.49014213602345685,0.15256642682826632,0.019433856902046288,0.0003520670354929277,8.22838870964405e-06,3.4212893799777076e-06,6.582018781909795e-05,0.00329459864858837
0.5026166225517312,0.17746270480039322,0.0269670698782034,0.0006779641626231903,2.2085026460277345e-05,8.577629131995878e-06,0.00014398764721250257,0.005487138964322284
0.5078782346034487,0.18896359244250602,0.030899567589363682,0.0008901658391516117,3.3288583277443716e-05,1.2567819388245768e-05,0.0001993464270660028,0.00678281995958486
0.47479854367244984,0.1260434870955128,0.012848255645510006,0.00015388035549422052,2.3645678903433274e-06,1.0715625551213714e-06,2.448884488679023e-05,0.001729715295324008
0.48514913701189016,0.14346588559233164,0.017009035644263253,0.0002696874951580854,5.506734368915004e-06,2.3540282225413683e-06,4.7870286761539625e-05,0.002677192128870904
0.4694069592257214,0.11769357675941208,0.01107504779762171,0.00011433635848173805,1.5114498113342456e-06,7.064447437161174e-07,1.7173800811265848e-05,0.0013726115564166351
0.46194125413397785,0.10689793556085193,0.00899110832318645,7.535606965888294e-05,8.064699931215741e-07,3.936474540011499e-07,1.0436748144559985e-05,0.000992168647414211
0.5004921107422577,0.17299341232040386,0.02551661973106205,0.0006069843963771075,1.8695206197782678e-05,7.345078847041087e-06,0.00012616769125060623,0.005034499782113408
0.5067394448983576,0.18642089354787536,0.030005213694964228,0.0008393686140699346,3.046804809147818e-05,1.1573491138921268e-05,0.00018583314382646522,0.006479560336355804
0.49469935880208227,0.16129286900574819,0.021923345578235373,0.0004480526910402039,1.1832367817946283e-05,4.797936286085973e-06,8.778885705480216e-05,0.003974788407374856
0.4668709807762262,0.11392894607373275,0.01032177705748455,9.931195300094586e-05,1.2223956625389953e-06,5.797764994813227e-07,1.4513678931972667e-05,0.0012300311269805167
0.5019413832069141,0.1760315845732542,0.02649790550323451,0.0006545753160409068,2.0947122267151246e-05,8.165447738818488e-06,0.00013807357312776498,0.005339203418078226
0.5126441557788949,0.19994008704736616,0.034924130691421446,0.0011372448693915721,4.815006132535934e-05,1.7721138046254107e-05,0.0002671163215945993,0.008207725850231015
0.5001123133476546,0.17220470497879845,0.02526514413437058,0.0005950774867668112,1.814539003724337e-05,7.143772883245815e-06,0.00012321670460768407,0.004957449212611565
0.5055737963835214,0.1838492176513471,0.02911509575299165,0.0007902952087449647,2.782416404145144e-05,1.0635650858950835e-05,0.00017292877089339123,0.006182703256600915
0.5057121621583414,0.18415285770706694,0.02921943863836418,0.0007959712192938869,2.8125821192069673e-05,1.074295570366216e-05,0.00017441354957522425,0.00621724347175496
0.5549640812280928,0.4009115095781204,0.16597930753409756,0.026841189947587493,0.005765449069977781,0.0015202921010023253,0.011763434144802144,0.09524738945096903
0.22356218612820275,0.25130627527607596,0.19321401641249372,0.09863746912516058,0.06791684316634021,0.014099560553740955,0.06762091406794989,0.210347202220281
0.19992031792464932,0.22944462261843174,0.18160823145302826,0.09785439333516183,0.0711655129858195,0.014609012667704329,0.06850822526039373,0.2037469905416963
0.3268379599067887,0.33774046471327873,0.23080343059763125,0.0946682096413273,0.05221949345464375,0.0113457519607439,0.05960103940982999,0.22243325345207868
0.14014115657619333,0.17070881079300446,0.14686915209764753,0.09239224925512042,0.07861052015433835,0.015625684613092005,0.06870290668692851,0.1796188903384935
0.4442211516383586,0.41290096874424326,0.24327616025095755,0.07576196307042571,0.031613791918360036,0.007273795771687663,0.042849860947806684,0.20110868555884737
0.18405385590820802,0.21434763036373491,0.17316905021582926,0.09692423839663748,0.07325865497739073,0.014920175621357173,0.06886891047184522,0.19843878061799694
0.12630056665533332,0.15635104275246492,0.13758870197983375,0.090261253147761,0.08013139023583912,0.015789627047906898,0.06822280154591565,0.17224621506488033
0.006476643533344546,0.011827720095187014,0.017938280664977702,0.032338796824964745,0.07996431896304322,0.012768214494826886,0.03622574389251089,0.039436319865510217
0.039542222577105934,0.05751173602786774,0.06342176934023737,0.06326401136376845,0.0858779308184312,0.01550912420235185,0.0562882785386717,0.10027302932238077
0.01954224444813535,0.031103130810428207,0.03891113991573308,0.04906156680039749,0.08444430540847576,0.014524729269393365,0.04781924243017561,0.07009656965099542
0.013759176739795527,0.022884114203995425,0.030448138174843157,0.04304466972802402,0.08319577346538296,0.013973368725594928,0.04386520051343098,0.05846055056364273
0.04193480198439411,0.06052585472037312,0.06603316513935814,0.06456912686714911,0.08589718243590012,0.01557705445899939,0.05700559280082019,0.10324915478739201
0.20032535423576195,0.22982551705997697,0.1818167197850544,0.09787374282077287,0.07111112322009183,0.014600731702671756,0.06849645153296245,0.20387302262581256
0.010264337052286581,0.01770599376379646,0.02479326860291824,0.03853865564247178,0.08200329604834111,0.01350389329232118,0.04075056771254998,0.05018660043253502
0.04374140252665809,0.0627856435389755,0.06797095464040757,0.06551633250149967,0.08589817530751996,0.01562384159750707,0.057519472334596256,0.10543233099178333
0.12042760685556281,0.15016387286972566,0.13349006430067195,0.08923633465361606,0.08074694428951582,0.015848739222127105,0.06794402243997127,0.1688764563801293
0.0496083263896007,0.07003550772720156,0.0740791149064306,0.06838986543217487,0.08583144600498513,0.01575240918028212,0.059042859609958906,0.11217936164103204
0.005555122769621655,0.010338801069402272,0.016101473408247673,0.03049263074138701,0.07925712568854193,0.012526306192504888,0.034818633448231204,0.03638261428850195
0.001686319636696652,0.0036336618979166354,0.006947351860861064,0.01925668962290975,0.07363109031867117,0.010750508561540896,0.025502564447293905,0.019408783932708083
0.00042811823512404486,0.0010911545535923495,0.002639041045084584,0.011318661869324564,0.06735751699056612,0.008980737083556936,0.01776573161300936,0.009402213506476171
0.00040326860142499084,0.001035369176181699,0.002529907824703687,0.011059033310158643,0.06709369709645717,0.008910221102227587,0.017487240547264638,0.00910943986268625
0.00018714115996711585,0.0005277995788864161,0.0014709468004095038,0.008208930399560565,0.06378828541856013,0.008051545440727092,0.014274969069519215,0.006068366664242417
0.00041038323368864147,0.001051382871286861,0.002561350522848194,0.011134345534664683,0.06717076244824279,0.008930788972987026,0.01756823835577461,0.009194111644705379
3.641323989931124e-05,0.00012546582896911862,0.0004628138733446018,0.004347190352561695,0.05725150367825191,0.006484618278274383,0.0092576070262176,0.002551715051661157
0.00017238600576978345,0.000491094954591729,0.0013880421008566127,0.007951297043965968,0.0634437958899388,0.007964657352553707,0.013968258395137054,0.005810284128695176
0.00035032725521019103,0.0009150706443392295,0.0022905296306982496,0.010471190379108193,0.06647636697820208,0.00874637537775027,0.016848803787505025,0.00845582090699635
0.0006153233766538579,0.001500177265267241,0.003409618005738042,0.013029204008941746,0.06897701550583243,0.009420215531900413,0.019552081914939713,0.011391007248097223
1.0456095909157194e-05,4.1968103875886925e-05,0.0001916890784360571,0.0026775473087007925,0.052716668172419434,0.005497840507677001,0.0066542603858740605,0.0013183170914814364
3.776110060734426e-06,1.7167156750910287e-05,9.33516305424366e-05,0.0018027351717019582,0.04928177225086232,0.004804688814923968,0.005082091134869476,0.000768956193489874
2.9034673856608373e-06,1.3631084237323967e-05,7.753495630345234e-05,0.0016278067501026262,0.048432385355416496,0.004640490485998779,0.004740664598911062,0.0006691056545916694
6.519059771107245e-07,3.6740831553428617e-06,2.699025095469917e-05,0.0009112209586171266,0.043874855532245585,0.003808223212215336,0.003192677687939648,0.0003034766090351768
1.3328561316100515e-05,5.1932480679580696e-05,0.00022754405595659113,0.0029422589252986677,0.053569901376279996,0.005677269242884467,0.007095713435233335,0.001499042702731025
5.023386125283498e-06,2.2054076803619883e-05,0.00011420534953198988,0.002014080437912313,0.0502211408749681,0.004989608187178321,0.005480819135401805,0.0008943516404026128
1.358282119893701e-06,6.997758367401568e-06,4.5333974848502745e-05,0.0012118627063955358,0.04605831689506256,0.004196695767525859,0.0038772662264081525,0.00044757588142407454
0.0009413035748769574,0.002178521992435218,0.004603364885078165,0.015364185972719768,0.07091454230219477,0.009961391363883632,0.02187301693586218,0.014262341940304178
0.0003574417800891999,0.0009313598339020569,0.002323287127258352,0.01055321801645185,0.06656424600151432,0.008769600636320946,0.016938568445785358,0.008546243458809472
0.013119746254878354,0.021950619869459835,0.029449979642119817,0.04228154487903973,0.08300977998110773,0.013897405860546495,0.0433472934258671,0.05703261147309682
0.003922661768092274,0.00762022924791791,0.012601388358277957,0.026676901099993346,0.07762666025153873,0.01198750938105288,0.031811515915167975,0.03029702309086978
0.031197882597263013,0.04678738199608871,0.05385699719376918,0.05817841577509392,0.08561481387467493,0.0152074395350571,0.05339366716733709,0.089014721209421
0.01113168630229483,0.019009539943601255,0.026245498620846543,0.039740455500470555,0.08234385814535028,0.013634129114672067,0.04159480308649567,0.0523560888370986
0.06441751179410855,0.08781182569451638,0.08843618660103342,0.0745363111656456,0.08529777319904291,0.015953940453398804,0.06210803681293675,0.1272952664916732
0.3994042584627321,0.38805922100641005,0.24326843764993103,0.08500763198411125,0.039862993788726916,0.00895463920442108,0.0502832964432743,0.21442717405113446
0.39681237560654153,0.042948993210979045,0.0012467408638275467,1.4489144730928317e-06,2.094341699320345e-09,1.5419642462839902e-09,9.30137427789184e-08,4.577175199808696e-05
0.3903815492642649,0.03893833988757868,0.001008159286250483,9.474333548885209e-07,1.1042767786758633e-09,8.497592644345977e-10,5.599524299252197e-08,3.28826164975101e-05
0.4153924287009894,0.05651884362793275,0.002260112985759505,4.7615755246276235e-06,1.2576216555995274e-08,8.181415451236162e-09,3.8530497296572606e-07,0.00011557442261760657
0.4339299189530681,0.07344459059253551,0.003986799876786564,1.4816285401293935e-05,6.955296847273893e-08,4.0208055688420396e-08,1.4952959828868875e-06,0.0002796791796575302
0.43695380543106466,0.07656945801568997,0.004363469595894822,1.774820376092554e-05,9.129782505792514e-08,5.1796574561293205e-08,1.8552461725793945e-06,0.00032188988992114134
0.46352801188526127,0.10912036924676433,0.009401040454564021,8.238418339228319e-05,9.224324813291945e-07,4.460931288930831e-07,1.1609852865379041e-05,0.0010634911068029115
0.46063109167995064,0.1050914826749828,0.008665144582153336,6.999116892830707e-05,7.21542751742891e-07,3.549096289029682e-07,9.555391783091073e-06,0.0009367306133228066
0.4575233557575206,0.10090811312675736,0.007935098896032307,5.869430927634164e-05,5.534545986247206e-07,2.772616755510163e-07,7.743277404578575e-06,0.000816769573013951
0.44278315997016693,0.0829066757900361,0.005183887725960091,2.504965645133931e-05,1.5343625256493607e-07,8.39850829707218e-08,2.8000758076502372e-06,0.00042092996155644624
0.47739119367777477,0.13023157885931394,0.013791238985110607,0.00017729747879832063,2.927123682739898e-06,1.3070957608409644e-06,2.90040977428277e-05,0.001931381426388395
0.4879562624651882,0.14852432435689847,0.018335352584026188,0.00031338845072882666,6.9049926366979364e-06,2.9060025121792538e-06,5.727707152621091e-05,0.003009228924453077
0.5000688374424281,0.1721146173676801,0.025236505656869544,0.0005937289926446864,1.8083470370821912e-05,7.121075868378548e-06,0.00012288321607410962,0.004948701569716028
0.5396096801639573,0.27490381118933943,0.06979599719694442,0.004552013287190491,0.00038959025599983617,0.00012409328389375573,0.001401031657162624,0.024151942913576883
0.5577394015428849,0.366043279527004,0.1324897586433085,0.016693812372983195,0.0027846399570220985,0.0007734092354406328,0.006639100589381946,0.06616279166039518
0.5576933712936152,0.3832720276779065,0.1479693404932915,0.02101707801450947,0.003958276251977311,0.0010723154283823343,0.008757391209342304,0.07899214849905149
0.554579088869624,0.3377408713001444,0.11009310388436362,0.011420438576909313,0.0015643038028041749,0.00045240835457041096,0.00421084189862953,0.04933445749451257
0.5527600908489834,0.3275294559284669,0.10274432351768936,0.009924845289090548,0.0012647160993800334,0.00037122981580211227,0.003559276639053308,0.04424908713680613
0.5449600055152903,0.2938190210194157,0.08075875405810465,0.00610322890853529,0.000606475881777462,0.00018734395764264522,0.0019893504236827616,0.030336066953835596
0.5395349284131512,0.2746540206800791,0.06965739524158032,0.00453388175119617,0.00038725151153017447,0.00012339976096179835,0.0013943634834960273,0.02407709841822593
0.5353273110812946,0.2611035085452447,0.06237228473641114,0.0036324912822024847,0.00027720074364343705,9.039864357375035e-05,0.0010698336365870772,0.02026421105961182
0.527055676172353,0.23682075718746987,0.05043321558503935,0.002372965871368386,0.00014588462407355847,4.973356638342656e-05,0.0006432044759036747,0.014549656810375663
0.5429665895138054,0.28650935513696907,0.0764115664520389,0.005460347133225591,0.0005126742467057622,0.0001602230207419792,0.0017414500848156882,0.02782198066430196
0.49647190723632495,0.1647993400976577,0.02296935968723726,0.0004918325531774705,1.3616816535403392e-05,5.468224915447839e-06,9.813122595462816e-05,0.004273992125495604
0.5040530404993855,0.1805404908313383,0.02799114514192896,0.0007304437607456346,2.471079735617307e-05,9.523295412929421e-06,0.0001574010188466068,0.005815042426697199
0.4699461654932124,0.11850726193965898,0.011241619321197585,0.00011780155512055363,1.5809937084605204e-06,7.366578021131102e-07,1.7797392729913913e-05,0.0014048900899088878
0.4274258086298236,0.06708206953029693,0.0032761121649506246,1.0004789120188003e-05,3.849311391756506e-08,2.3180310483399942e-08,9.354292479398733e-07,0.00020601513151384746
0.4322591521826017,0.07176411765911249,0.0037917882637087913,1.3402277420290841e-05,5.979770407647359e-08,3.493116996663014e-08,1.3264462767324297e-06,0.0002586708642508883
0.4534661826014926,0.0956564862205451,0.007067406399242287,4.6559804044053627e-05,3.904224785301225e-07,2.0035749596348338e-07,5.871734988296704e-06,0.0006820134361644632
0.49992666464480195,0.1718202988529477,0.025143065199968957,0.0005893398248700667,1.7882423824847558e-05,7.047343976297019e-06,0.000121798777715775,0.004920198607317808
0.5248944447495951,0.23089424792003094,0.047730833853473535,0.002125182878264908,0.00012354281002394685,4.260355901457268e-05,0.0005637959866658358,0.01335300346329257
0.5131072278092534,0.4329980717365026,0.22283491507416717,0.053977892882152885,0.0174610015975566,0.004233064939643343,0.02768507966687871,0.16015195830146092
0.00042901435367852334,0.0010931587251132807,0.002642941221314215,0.011327849780025106,0.06736675859974493,0.008983212664598561,0.017775549248823436,0.009412619597873307
0.0007829371661024916,0.001853346181083391,0.004041907365370449,0.014305193741865372,0.07006997462387529,0.009723378049123306,0.020835641822858453,0.012938713269417288
3.5626241434019455e-06,1.6312301750264006e-05,8.959151851385086e-05,0.001762442068899198,0.049092393710476634,0.004767831888889195,0.0050044191073218055,0.0007456309654442422
6.977466458698045e-08,5.168542710552127e-07,5.566919195376756e-06,0.000382532344431969,0.03784485314802473,0.002833376938682914,0.001767334291844445,9.299341271234054e-05
1.2883475321453098e-10,2.060985117175185e-09,6.52291511637325e-08,3.317880985187675e-05,0.02495414895653955,0.0012319021115772633,0.0003340891420045916,3.3230698267915443e-06
7.104244925802059e-13,2.146941628220614e-11,1.6555861617751487e-09,4.40198061839213e-06,0.01768932855652497,0.0006190323853844974,8.436002548984882e-05,2.11879114524803e-07
1.5689652575666914e-12,4.3034748673568294e-11,2.8974497183814252e-09,5.9877228784046756e-06,0.01864153180383092,0.0006874701812646436,0.00010404415633430751,3.222924490893091e-07
1.9457373928893635e-12,5.198252996003676e-11,3.3732473678700837e-09,6.509817400025112e-06,0.01890887373933433,0.0007073298679660943,0.00011014225306189737,3.6117913783477866e-07
1.2284350045470384e-12,3.471780338247863e-11,2.437477598405006e-09,5.444664305144637e-06,0.01834226574991394,0.0006655744409552839,9.752214251199135e-05,2.831530295101236e-07
4.8748628073348446e-14,2.0439420447327043e-12,2.4927891397316303e-10,1.5527871915034107e-06,0.014818088550650964,0.00043438522482962385,4.153938394015904e-05,5.137299049677698e-08
7.891442944605003e-15,4.142975681573708e-13,6.922118788932307e-11,7.736684408222428e-07,0.013121173222832832,0.00034059323004556895,2.553771196698893e-05,1.9416847220947782e-08
1.623031551867312e-13,5.876110542065894e-12,5.83534402167749e-10,2.481764570278873e-06,0.01604247470498453,0.0005091355233713634,5.706591184510022e-05,9.69545660829549e-08
1.6053822049975571e-12,4.391022171634541e-11,2.944801358140002e-09,6.0413363555770665e-06,0.018669850147611366,0.0006895604390895466,0.00010467781213849988,3.2623009195321683e-07
2.296567102677941e-13,7.968128836336695e-12,7.455087656345029e-10,2.838466838759829e-06,0.01641611806219415,0.0005331281406333986,6.257101150262028e-05,1.1656310190614803e-07
3.171057185125375e-13,1.0576328215491891e-11,9.363245690773501e-10,3.2171917639173153e-06,0.016770463494680695,0.0005563919072210961,6.815089613326902e-05,1.3827952734691444e-07
1.0233013791501627e-12,2.957436901123195e-11,2.1423997152038165e-09,5.072030357250911e-06,0.018121734168748422,0.000649666067728204,9.291596246509452e-05,2.570368583852218e-07
3.792013568290637e-13,1.2374459274129e-11,1.062559927527892e-09,3.449612141438337e-06,0.016969533132829426,0.0005696793294358594,7.144484279460842e-05,1.5196952800506956e-07
2.856838394140048e-13,9.651372293308194e-12,8.699256498119697e-10,3.0904469410466978e-06,0.016654470564435035,0.000548721953345169,6.628490429396158e-05,1.308109235330674e-07
2.2883726479160695e-13,7.94294542726898e-12,7.43578213680084e-10,2.834128554273686e-06,0.0164124867878048,0.0005328923089416532,6.251566659534628e-05,1.1635698981569953e-07
3.214353858874086e-13,1.0703178394472217e-11,9.453830025412083e-10,3.2345042343355534e-06,0.01678533703390717,0.0005573792605631586,6.839298707146324e-05,1.3926368693495504e-07
2.6782994491096282e-12,6.881078311221747e-11,4.22747581356549e-09,7.369951316428997e-06,0.019312923158338206,0.0007378816298341454,0.00011986250743364336,4.2774157264879826e-07
5.0042915860247436e-12,1.191064017018476e-10,6.574654211321663e-09,9.395583134042786e-06,0.02012837809870457,0.000801508692763984,0.0001414250808069135,5.954805979847608e-07
3.51249244325175e-11,6.58710555611934e-10,2.6044369746393e-08,2.002765793084847e-05,0.022898124109784024,0.0010372668134590944,0.00023685956550002115,1.6703081540647608e-06
1.486381105050327e-11,3.096650870484045e-10,1.4186244950634057e-08,1.4340330506446862e-05,0.021631652844885038,0.0009256996134816859,0.00018864709708487617,1.0595342448832414e-06
3.1011921931557457e-11,5.905051903741481e-10,2.3850917312865945e-08,1.9081939440302916e-05,0.022710221027399575,0.0010203129417591752,0.0002291800197436058,1.5637533378911549e-06
2.1119303167379637e-11,4.2148558052265114e-10,1.8181739397583845e-08,1.6436672970547235e-05,0.02214024709023484,0.000969740648105299,0.00020702422237391146,1.2760187873887928e-06
8.447748307955092e-11,1.422991832648647e-09,4.841241424529171e-08,2.816221553016958e-05,0.02426698497055829,0.0011649903169197926,0.00029878211222102337,2.6578099995391243e-06
9.89676854216595e-12,2.1670098326262542e-10,1.064348011330023e-08,1.224473528071026e-05,0.021057323918007027,0.0008771967801419281,0.0001693963388020612,8.543243481889301e-07
6.811573894867593e-11,1.1779979916415095e-09,4.1582325532456235e-08,2.590308587737677e-05,0.0239238019140245,0.0011322727854190437,0.0002822357994893555,2.3715863636248503e-06
1.063614203845888e-09,1.3142937427194334e-08,2.897826583448004e-07,7.532590053604839e-05,0.028694366444127525,0.0016288607340101259,0.0005840874442369546,1.0157117729479817e-05
1.5771349096472468e-09,1.8571659931985107e-08,3.827662759714993e-07,8.778026316017802e-05,0.029452075738459333,0.0017160205770058077,0.0006482685382664699,1.2511939487056502e-05
2.9222051074274566e-09,3.1910321514400553e-08,5.91763498957379e-07,0.00011154028832779609,0.030678688998974246,0.0018619339389929666,0.0007632002423507416,1.7341703044167532e-05
3.796325105467335e-09,4.0149701130077956e-08,7.119297144119162e-07,0.00012347431936630995,0.031214491136113177,0.001927539087864583,0.0008179304019288461,1.991807889270392e-05
7.210832802581724e-09,7.050572104974884e-08,1.1201267774779785e-06,0.00015841588723942605,0.032567947116775825,0.002098318670043468,0.0009692880415354343,2.7971802769259914e-05
7.213083604513513e-08,5.321414956465428e-07,5.6990709686607475e-06,0.00038749884331811896,0.03792810007496709,0.00284585575492419,0.0017829360369070993,9.464252201903052e-05
4.1869051762578357e-07,2.491022000564412e-06,1.9740770142466887e-05,0.0007672448111144404,0.04260822497745729,0.003591515651422366,0.0028396557518378623,0.00024007466900593274
6.324882298342469e-09,6.284275366664605e-08,1.0210508814149107e-06,0.0001505514307351022,0.032286695483773095,0.0020622336606555044,0.0009362367992392806,2.6096734190907962e-05
2.267960154590505e-09,2.5545822776161832e-08,4.947507654794949e-07,0.00010108260801435117,0.030168521140640597,0.0018005231825092213,0.0007136863619396232,1.5164550482928464e-05
1.33963241792318e-09,1.6093025200480247e-08,3.410820516171457e-07,8.238810379438502e-05,0.02913574651025622,0.0016793567870900575,0.0006208631872120701,1.14764234795854e-05
1.544562373504361e-09,1.823458688433162e-08,3.7716459013819893e-07,8.707159174330665e-05,0.02941143797956789,0.0017112883386516354,0.0006446980317754709,1.237449356160061e-05
4.990674898205455e-10,6.76493668144426e-09,1.6979241667534952e-07,5.614359329438941e-05,0.0272931861882049,0.0014736662902068663,0.0004780884595835006,6.805049145288741e-06
5.17214685829328e-09,5.2669814595718386e-08,8.857627724301024e-07,0.00013923364788566108,0.03185974372067293,0.002008053278959837,0.0008876881600885473,2.3460410214260874e-05
2.3010177235149507e-08,1.952178579316314e-07,2.5425369278648118e-06,0.00024862025349364807,0.035166696694699885,0.002446548532327472,0.0013177033285629496,5.16951787301981e-05
1.5295481820114408e-07,1.029295683142045e-06,9.692063514665503e-06,0.000518879786847967,0.03986199620575731,0.003143466478965042,0.0021753427873037806,0.0001408867731814796
3.4124841644024874e-08,2.75889850482991e-07,3.3587304368867728e-06,0.00028974415590241065,0.03609567786700862,0.0025775143590076603,0.001462554856667729,6.36852838917518e-05
9.784397374266257e-08,6.954148698319459e-07,7.068807170158045e-06,0.0004362165908526175,0.03870096214425828,0.0029630176873008352,0.0019327625239670986,0.00011121715548844288
5.729859662117905e-07,3.280671361535336e-06,2.4638671201161013e-05,0.000866675144349503,0.04350187407205149,0.0037437504385112006,0.003085489171590523,0.00028344126754711256
7.391126077212201e-06,3.0951993983404315e-05,0.00015002587835693103,0.002340018895303701,0.05152068679836069,0.005251191480343947,0.00607057131349346,0.0010971797140747605
